Unnamed: 0,NGCC profit (M$),SOFC profit (M$),NGCC+SOEC profit (M$),rSOC profit (M$),SOFC+SOEC profit (M$),SOEC profit (M$),Natural Gas Price ($/MMBtu),Carbon Tax ($/tonne),Hydrogen Price ($/kg),Mean LMP ($/MWh),Minimum LMP ($/MWh),25th Percentile ($/MWh),50th Percentile ($/MWh),75th Percentile ($/MWh),Maximum LMP ($/MWh),Standard Deviation ($/MWh),Skewness,Kurtosis,Bimodality Coefficient,Dip Test Statistic,Dip Test p-value
NYISO_2019_20,-162.099424754468,-90.7836684983109,-70.3708391236155,68.4449895566587,69.0156835492974,123.497869814002,3.05,0,2.0,20.09014155,-186.74,14.07,19.18,24.56,356.71,14.83610646,3.199738269,76.66791089,0.141062818,0.001977464,0.998504004
NYISO_2019_10,-161.281564754468,-90.5323234983109,-214.358992985669,-57.5424196871482,-76.7619472250247,-24.6088907329847,3.05,0,1.0,20.0901415525114,-186.74,14.07,19.18,24.56,356.71,14.8361064583325,3.19973826923892,76.6679108933802,0.141062817926177,0.0019774635439681,0.998504004
NYISO_2019_15,-161.281564754468,-90.5323234983109,-146.551547356819,-1.26588379410134,-7.10652187245539,46.84105491121,3.05,0,1.5,20.0901415525114,-186.74,14.07,19.18,24.56,356.71,14.8361064583325,3.19973826923892,76.6679108933802,0.141062817926177,0.0019774635439681,0.998504004
NYISO_2019_25,-161.281564754468,-90.5323234983109,7.24060555276501,143.052360858804,146.564390550577,201.313018609792,3.05,0,2.5,20.0901415525114,-186.74,14.07,19.18,24.56,356.71,14.8361064583325,3.19973826923892,76.6679108933802,0.141062817926177,0.0019774635439681,0.998504004
NYISO_2019_30,-161.281564754468,-90.5323234983109,85.3751504108965,219.314435037926,224.71866967417,279.562736514202,3.05,0,3.0,20.0901415525114,-186.74,14.07,19.18,24.56,356.71,14.8361064583325,3.19973826923892,76.6679108933802,0.141062817926177,0.0019774635439681,0.998504004
SPP_NORTH_2019_20,-147.453628407116,-79.6000342444019,-45.0988185351918,98.2902208155095,93.4063990993055,133.733172070302,2.75,0,2.0,20.18624632,-46.4777,12.281925,16.90505,21.62975,1130.7242,31.46896354,14.17306357,356.4228094,0.561664837,0.002424025,0.9925124
SPP_NORTH_2019_10,-146.352960407116,-79.3486892444019,-190.763116828475,-34.7299336729872,-52.0793722007723,-14.3895870503533,2.75,0,1.0,20.1862463242009,-46.4777,12.281925,16.90505,21.62975,1130.7242,31.4689635373298,14.1730635676317,356.42280943575,0.561664836843479,0.0024240249681875,0.9925124
SPP_NORTH_2019_15,-146.352960407116,-79.3486892444019,-119.6223784624,27.5301211401309,18.9386653410408,58.4007446419217,2.75,0,1.5,20.1862463242009,-46.4777,12.281925,16.90505,21.62975,1130.7242,31.4689635373298,14.1730635676317,356.42280943575,0.561664836843479,0.0024240249681875,0.9925124
SPP_NORTH_2019_25,-146.352960407116,-79.3486892444019,30.8134213101356,171.502135206618,169.282739535865,210.175998449008,2.75,0,2.5,20.1862463242009,-46.4777,12.281925,16.90505,21.62975,1130.7242,31.4689635373298,14.1730635676317,356.42280943575,0.561664836843479,0.0024240249681875,0.9925124
SPP_NORTH_2019_30,-146.352960407116,-79.3486892444019,107.539805454883,245.970096764781,245.978116956043,287.269739754061,2.75,0,3.0,20.1862463242009,-46.4777,12.281925,16.90505,21.62975,1130.7242,31.4689635373298,14.1730635676317,356.42280943575,0.561664836843479,0.0024240249681875,0.9925124
SPP_SOUTH_2019_10,-140.979001490892,-71.7755443979561,-188.069261028281,-27.510987159632,-46.0423404376653,-16.8385473432999,2.83,0,1.0,21.4836012785388,-43.7243,12.858775,18.47425,23.22445,1210.5837,35.3157840468598,13.093313628717,308.231334108886,0.554038984663446,0.0016287859703336,1.0
SPP_SOUTH_2019_15,-140.979001490892,-71.7755443979561,-118.810550436916,30.7850785209208,23.0841059111774,54.1129134665149,2.83,0,1.5,21.4836012785388,-43.7243,12.858775,18.47425,23.22445,1210.5837,35.3157840468598,13.093313628717,308.231334108886,0.554038984663446,0.0016287859703336,1.0
SPP_SOUTH_2019_25,-140.979001490892,-71.7755443979561,29.8649272116212,171.639007086994,171.64380615265,204.450206510976,2.83,0,2.5,21.4836012785388,-43.7243,12.858775,18.47425,23.22445,1210.5837,35.3157840468598,13.093313628717,308.231334108886,0.554038984663446,0.0016287859703336,1.0
SPP_SOUTH_2019_30,-140.979001490892,-71.7755443979561,106.135577516428,245.121760095308,247.879029632013,281.171390831633,2.83,0,3.0,21.4836012785388,-43.7243,12.858775,18.47425,23.22445,1210.5837,35.3157840468598,13.093313628717,308.231334108886,0.554038984663446,0.0016287859703336,1.0
SPP_SOUTH_2019_20,-142.079669490892,-72.1162193979561,-45.3170780475744,99.7098906827036,96.5126989239352,128.612837807641,2.83,0,2.0,21.48360128,-43.7243,12.858775,18.47425,23.22445,1210.5837,35.31578405,13.09331363,308.2313341,0.554038985,0.001628786,1.0
MISO_MINNESOTA_2019_10,-164.409680986248,-101.965709106242,-218.696076106271,-82.5894597978456,-102.310562912601,-37.6100518299416,3.73,0,1.0,21.9713949771689,-38.56,17.17,20.185,23.66,661.22,16.9596407711366,19.5937488317873,593.608638786781,0.64517056100146,0.0019221493343623,0.999246166
MISO_MINNESOTA_2019_15,-164.409680986248,-101.965709106242,-174.504158319571,-19.6719309884271,-30.5166655084819,35.8465797467442,3.73,0,1.5,21.9713949771689,-38.56,17.17,20.185,23.66,661.22,16.9596407711366,19.5937488317873,593.608638786781,0.64517056100146,0.0019221493343623,0.999246166
MISO_MINNESOTA_2019_25,-164.409680986248,-101.965709106242,-20.084892784702,129.171551188471,123.779193128664,190.578580593247,3.73,0,2.5,21.9713949771689,-38.56,17.17,20.185,23.66,661.22,16.9596407711366,19.5937488317873,593.608638786781,0.64517056100146,0.0019221493343623,0.999246166
MISO_MINNESOTA_2019_30,-164.409680986248,-101.965709106242,58.062663053812,206.160401662773,201.971182019194,268.837403037162,3.73,0,3.0,21.9713949771689,-38.56,17.17,20.185,23.66,661.22,16.9596407711366,19.5937488317873,593.608638786781,0.64517056100146,0.0019221493343623,0.999246166
MISO_MINNESOTA_2019_20,-165.036952986248,-102.055039106242,-97.7706915981764,53.3382623069992,46.1639869732664,112.693341137064,3.73,0,2.0,21.97139498,-38.56,17.17,20.185,23.66,661.22,16.95964077,19.59374883,593.6086388,0.645170561,0.001922149,0.999246166
MISO_LOUISIANA_2019_20,-157.45058741469,-64.4087734932765,-57.2368550502411,47.2704964147248,77.4221169628348,95.4080609612962,2.73,0,2.0,24.85890639,-31.26,20.1,22.67,25.8225,968.31,18.6433652,23.63363018,909.8401734,0.612974606,0.002349458,0.993512883
MISO_LOUISIANA_2019_10,-156.59276541469,-64.4087734932765,-206.843666835356,-63.5517308233856,-68.421891578144,-53.0035095376107,2.73,0,1.0,24.858906392694,-31.26,20.1,22.67,25.8225,968.31,18.6433652040824,23.6336301759878,909.840173407944,0.612974605618224,0.0023494577625571,0.993512883
MISO_LOUISIANA_2019_15,-156.59276541469,-64.4087734932765,-133.66129310106,-21.844560136263,1.05503011443912,18.5519117247533,2.73,0,1.5,24.858906392694,-31.26,20.1,22.67,25.8225,968.31,18.6433652040824,23.6336301759878,909.840173407944,0.612974605618224,0.0023494577625571,0.993512883
MISO_LOUISIANA_2019_25,-156.59276541469,-64.4087734932765,20.3816633123123,121.927427687078,155.015038183189,173.235010918531,2.73,0,2.5,24.858906392694,-31.26,20.1,22.67,25.8225,968.31,18.6433652040824,23.6336301759878,909.840173407944,0.612974605618224,0.0023494577625571,0.993512883
MISO_LOUISIANA_2019_30,-156.59276541469,-64.4087734932765,98.4475751763183,198.332058070661,233.068836452217,251.431271535485,2.73,0,3.0,24.858906392694,-31.26,20.1,22.67,25.8225,968.31,18.6433652040824,23.6336301759878,909.840173407944,0.612974605618224,0.0023494577625571,0.993512883
ERCOT_WEST_2019_20,-121.286491994573,-41.0072989991023,-11.9798716161996,106.77066492831,123.549188247346,115.409990721878,2.39,0,2.0,26.20113035,-24.6412,14.519225,18.79145,24.54135,4697.196,107.584265,31.66664281,1160.646047,0.862612289,0.005114604,0.145215066
ERCOT_WEST_2019_10,-120.391781994573,-41.0072989991023,-155.026579711047,-13.3072999356346,-19.2018568551696,-27.6824899875853,2.39,0,1.0,26.2011303538812,-24.6412,14.519225,18.79145,24.54135,4697.196,107.584264995971,31.6666428130584,1160.64604736164,0.862612288971237,0.0051146040744085,0.145215066
ERCOT_WEST_2019_15,-120.391781994573,-41.0072989991023,-86.56501881742,40.1324661472286,49.0291485998817,41.2935351431355,2.39,0,1.5,26.2011303538812,-24.6412,14.519225,18.79145,24.54135,4697.196,107.584264995971,31.6666428130584,1160.64604736164,0.862612288971237,0.0051146040744085,0.145215066
ERCOT_WEST_2019_25,-120.391781994573,-41.0072989991023,64.1437583775865,178.981243986306,199.638996903077,191.680590478172,2.39,0,2.5,26.2011303538812,-24.6412,14.519225,18.79145,24.54135,4697.196,107.584264995971,31.6666428130584,1160.64604736164,0.862612288971237,0.0051146040744085,0.145215066
ERCOT_WEST_2019_30,-120.391781994573,-41.0072989991023,140.942322727157,253.413369189381,276.411710962023,268.462147288479,2.39,0,3.0,26.2011303538812,-24.6412,14.519225,18.79145,24.54135,4697.196,107.584264995971,31.6666428130584,1160.64604736164,0.862612288971237,0.0051146040744085,0.145215066
PJM_WEST_2019_20,-143.544558227481,-46.9634230204289,-42.2277566342883,52.9131446618166,90.8027745533618,88.738985537268,2.43,0,2.0,26.37999397,-52.9956,19.622275,23.1215,27.567725,746.5853,22.95333868,17.2221017,426.5396343,0.692834959,0.002748634,0.977128157
PJM_WEST_2019_10,-142.659070227481,-46.9634230204289,-182.432105318219,-46.0699506022472,-48.9539394401789,-53.2930812910288,2.43,0,1.0,26.3799939726027,-52.9956,19.622275,23.1215,27.567725,746.5853,22.9533386814138,17.2221016980922,426.539634292677,0.692834958761821,0.0027486341703776,0.977128157
PJM_WEST_2019_15,-142.659070227481,-46.9634230204289,-116.94266116239,-10.1033870671879,16.1865043979116,13.2914922196997,2.43,0,1.5,26.3799939726027,-52.9956,19.622275,23.1215,27.567725,746.5853,22.9533386814138,17.2221016980922,426.539634292677,0.692834958761821,0.0027486341703776,0.977128157
PJM_WEST_2019_25,-142.659070227481,-46.9634230204289,34.681374687011,124.316312341414,167.666156085929,165.972289702389,2.43,0,2.5,26.3799939726027,-52.9956,19.622275,23.1215,27.567725,746.5853,22.9533386814138,17.2221016980922,426.539634292677,0.692834958761821,0.0027486341703776,0.977128157
PJM_WEST_2019_30,-142.659070227481,-46.9634230204289,112.305777438812,198.813847576566,245.269734428248,243.795802542013,2.43,0,3.0,26.3799939726027,-52.9956,19.622275,23.1215,27.567725,746.5853,22.9533386814138,17.2221016980922,426.539634292677,0.692834958761821,0.0027486341703776,0.977128157
MISO_INDIANA_2019_20,-151.69757929946,-55.7623678728807,-55.285086408243,46.9280024760289,80.0931761335988,87.9163067549857,2.73,0,2.0,26.40543493,2.26,20.95,23.33,26.67,936.4,21.65415639,19.41167486,575.7270708,0.652833553,0.002054795,0.997466439
MISO_INDIANA_2019_10,-150.72909329946,-55.7623678728807,-197.766064608118,-56.4969079282967,-61.9882209274138,-56.787339804432,2.73,0,1.0,26.4054349315068,2.26,20.95,23.33,26.67,936.4,21.6541563869179,19.4116748554967,575.727070766642,0.652833552818462,0.0020547945205479,0.997466439
MISO_INDIANA_2019_15,-150.72909329946,-55.7623678728807,-130.501543215559,-19.5518115865444,4.95976128942879,12.0463398752322,2.73,0,1.5,26.4054349315068,2.26,20.95,23.33,26.67,936.4,21.6541563869179,19.4116748554967,575.727070766642,0.652833552818462,0.0020547945205479,0.997466439
MISO_INDIANA_2019_25,-150.72909329946,-55.7623678728807,21.704005602917,119.709391489876,157.045772803799,165.220744373556,2.73,0,2.5,26.4054349315068,2.26,20.95,23.33,26.67,936.4,21.6541563869179,19.4116748554967,575.727070766642,0.652833552818462,0.0020547945205479,0.997466439
MISO_INDIANA_2019_30,-150.72909329946,-55.7623678728807,99.3764840601837,194.893922903977,234.698346416616,243.090560359427,2.73,0,3.0,26.4054349315068,2.26,20.95,23.33,26.67,936.4,21.6541563869179,19.4116748554967,575.727070766642,0.652833552818462,0.0020547945205479,0.997466439
ERCOT_NORTH_2019_20,-122.149642017443,-37.5806097491118,-13.3167951091878,97.6455291975256,120.852561156883,106.47265366506,2.39,0,2.0,27.53171447,-10.4186,16.181525,19.1182,24.5337,4696.8861,106.8929074,31.99749128,1178.307986,0.867545609,0.003474165,0.761236435
ERCOT_NORTH_2019_10,-121.254932017443,-37.5806097491118,-156.608884813907,-22.3236607443723,-22.1439106492135,-36.8389048528435,2.39,0,1.0,27.5317144748858,-10.4186,16.181525,19.1182,24.5337,4696.8861,106.892907400258,31.997491276935,1178.30798610409,0.867545609121075,0.0034741645744321,0.761236435
ERCOT_NORTH_2019_15,-121.254932017443,-37.5806097491118,-87.9442961144373,30.7467957069719,46.2904529333813,32.3277861757867,2.39,0,1.5,27.5317144748858,-10.4186,16.181525,19.1182,24.5337,4696.8861,106.892907400258,31.997491276935,1178.30798610409,0.867545609121075,0.0034741645744321,0.761236435
ERCOT_NORTH_2019_25,-121.254932017443,-37.5806097491118,62.8593832538039,169.973532233265,196.996902540018,182.76936142003,2.39,0,2.5,27.5317144748858,-10.4186,16.181525,19.1182,24.5337,4696.8861,106.892907400258,31.997491276935,1178.30798610409,0.867545609121075,0.0034741645744321,0.761236435
ERCOT_NORTH_2019_30,-121.254932017443,-37.5806097491118,139.681413252066,244.431437194472,273.794142169826,259.571204516469,2.39,0,3.0,27.5317144748858,-10.4186,16.181525,19.1182,24.5337,4696.8861,106.892907400258,31.997491276935,1178.30798610409,0.867545609121075,0.0034741645744321,0.761236435
ERCOT_SOUTH_2019_10,-123.4373278099,-37.6087900935201,-159.15859275739,-25.5781897635409,-24.7462236067553,-39.4885697038509,2.39,0,1.0,27.5673573173516,-50.289,16.821125,19.5852,24.84005,4694.8095,105.740884772363,32.531295717614,1210.84609379742,0.872667720860105,0.0014909773188372,1.0
ERCOT_SOUTH_2019_15,-123.4373278099,-37.6087900935201,-90.2752243776784,25.7805631290263,43.8980859784222,30.1312502018886,2.39,0,1.5,27.5673573173516,-50.289,16.821125,19.5852,24.84005,4694.8095,105.740884772363,32.531295717614,1210.84609379742,0.872667720860105,0.0014909773188372,1.0
ERCOT_SOUTH_2019_25,-123.4373278099,-37.6087900935201,61.1238580168806,165.563844402878,195.20273083466,181.079108637434,2.39,0,2.5,27.5673573173516,-50.289,16.821125,19.5852,24.84005,4694.8095,105.740884772363,32.531295717614,1210.84609379742,0.872667720860105,0.0014909773188372,1.0
ERCOT_SOUTH_2019_30,-123.4373278099,-37.6087900935201,138.183492694585,240.401976647712,272.239418160008,258.068553554402,2.39,0,3.0,27.5673573173516,-50.289,16.821125,19.5852,24.84005,4694.8095,105.740884772363,32.531295717614,1210.84609379742,0.872667720860105,0.0014909773188372,1.0
ERCOT_SOUTH_2019_20,-124.3873698099,-37.6087900935201,-15.2794200674127,92.8356127395703,118.829641454445,104.557411449771,2.39,0,2.0,27.56735732,-50.289,16.821125,19.5852,24.84005,4694.8095,105.7408848,32.53129572,1210.846094,0.872667721,0.001490977,1.0
ERCOT_HOUSTON_2019_10,-120.262319600603,-34.1253877876686,-156.093404231222,-22.6876097396352,-21.3415620561849,-40.5363742059369,2.39,0,1.0,28.1961726255707,-71.9689,16.90365,19.634,24.99815,4694.6368,107.056493564099,31.5960762161048,1156.47701875881,0.861863693952456,0.0016058251915631,1.0
ERCOT_HOUSTON_2019_15,-120.262319600603,-34.1253877876686,-87.8030499577344,28.3690165535851,46.6947478708817,28.4784107190107,2.39,0,1.5,28.1961726255707,-71.9689,16.90365,19.634,24.99815,4694.6368,107.056493564099,31.5960762161048,1156.47701875881,0.861863693952456,0.0016058251915631,1.0
ERCOT_HOUSTON_2019_25,-120.262319600603,-34.1253877876686,62.9200573273681,166.949598807363,197.31441313685,178.869318697281,2.39,0,2.5,28.1961726255707,-71.9689,16.90365,19.634,24.99815,4694.6368,107.056493564099,31.5960762161048,1156.47701875881,0.861863693952456,0.0016058251915631,1.0
ERCOT_HOUSTON_2019_30,-120.262319600603,-34.1253877876686,139.838645004829,241.312461786646,274.206298708018,255.743683606057,2.39,0,3.0,28.1961726255707,-71.9689,16.90365,19.634,24.99815,4694.6368,107.056493564099,31.5960762161048,1156.47701875881,0.861863693952456,0.0016058251915631,1.0
ERCOT_HOUSTON_2019_20,-121.200065600603,-34.1253877876686,-13.2646244105668,94.8707010963753,121.161588706863,102.543756824451,2.39,0,2.0,28.19617263,-71.9689,16.90365,19.634,24.99815,4694.6368,107.0564936,31.59607622,1156.477019,0.861863694,0.001605825,1.0
ISO_NE_2019_20,-146.037864080853,-71.5249912780096,-121.330687145883,40.9285480139255,34.7357001367908,69.3692180695197,4.5,0,2.0,30.67519406,-56.16,19.0475,24.55,35.94,261.35,20.56166968,2.80590636,13.04447472,0.552996735,0.001763626,1.0
ISO_NE_2019_10,-145.367556080853,-70.7709562780096,-199.545008330975,-59.8345629817354,-83.7420895382218,-50.9936545781576,4.5,0,1.0,30.6751940639269,-56.16,19.0475,24.55,35.94,261.35,20.5616696794788,2.80590636009233,13.0444747170223,0.552996735293148,0.001763626379978,1.0
ISO_NE_2019_15,-145.367556080853,-70.7709562780096,-187.685633036362,-15.2963150544519,-31.3331457299436,3.44148197652083,4.5,0,1.5,30.6751940639269,-56.16,19.0475,24.55,35.94,261.35,20.5616696794788,2.80590636009233,13.0444747170223,0.552996735293148,0.001763626379978,1.0
ISO_NE_2019_25,-145.367556080853,-70.7709562780096,-48.987187896002,104.578879108007,106.92879519067,142.546988272238,4.5,0,2.5,30.6751940639269,-56.16,19.0475,24.55,35.94,261.35,20.5616696794788,2.80590636009233,13.0444747170223,0.552996735293148,0.001763626379978,1.0
ISO_NE_2019_30,-145.367556080853,-70.7709562780096,26.0595876291167,173.011909713431,181.888068463235,217.939083699218,4.5,0,3.0,30.6751940639269,-56.16,19.0475,24.55,35.94,261.35,20.5616696794788,2.80590636009233,13.0444747170223,0.552996735293148,0.001763626379978,1.0
CAISO_ZP26_2019_20,-123.959421978032,-31.0273961624016,-88.0618683792409,50.6189937688439,64.6316210612482,48.642382459713,3.87,0,2.0,35.31622978,-40.6231,21.989275,30.6805,41.652475,1065.9115,38.85246235,14.03788728,289.0423989,0.678194615,0.005209614,0.126216799
CAISO_ZP26_2019_10,-122.772681978032,-30.7760511624016,-180.572241082889,-19.1372333100979,-36.96933736982,-53.5688521577117,3.87,0,1.0,35.316229783105,-40.6231,21.989275,30.6805,41.652475,1065.9115,38.8524623485954,14.0378872773577,289.042398937316,0.67819461452168,0.0052096137596204,0.126216799
CAISO_ZP26_2019_15,-122.772681978032,-30.7760511624016,-149.975790220805,7.53273316472943,3.1930435678981,-13.7511461086353,3.87,0,1.5,35.316229783105,-40.6231,21.989275,30.6805,41.652475,1065.9115,38.8524623485954,14.0378872773577,289.042398937316,0.67819461452168,0.0052096137596204,0.126216799
CAISO_ZP26_2019_25,-122.772681978032,-30.7760511624016,-16.5907492029126,106.228001174552,135.894463076809,120.753605505764,3.87,0,2.5,35.316229783105,-40.6231,21.989275,30.6805,41.652475,1065.9115,38.8524623485954,14.0378872773577,289.042398937316,0.67819461452168,0.0052096137596204,0.126216799
CAISO_ZP26_2019_30,-122.772681978032,-30.7760511624016,58.450442590995,170.37447854423,210.830003401297,195.660549015954,3.87,0,3.0,35.316229783105,-40.6231,21.989275,30.6805,41.652475,1065.9115,38.8524623485954,14.0378872773577,289.042398937316,0.67819461452168,0.0052096137596204,0.126216799
CAISO_NP15_2019_20,-124.369847607734,-30.2633029323649,-88.6896945223036,48.0462319276849,63.8078305343851,46.794944500966,3.87,0,2.0,35.59410914,-43.3701,22.944475,30.83785,41.7378,1013.6738,37.8459945,13.8162834,281.6485925,0.674125919,0.005257709,0.116599676
CAISO_NP15_2019_10,-123.195403607734,-30.0119579323649,-180.455524629284,-20.0154653299308,-37.2867358963828,-53.4947810980399,3.87,0,1.0,35.5941091438356,-43.3701,22.944475,30.83785,41.7378,1013.6738,37.8459945016814,13.8162833985504,281.64859249429,0.674125919291687,0.0052577086642963,0.116599676
CAISO_NP15_2019_15,-123.195403607734,-30.0119579323649,-150.656829940882,5.31452685691053,2.29497085521542,-15.4220078353414,3.87,0,1.5,35.5941091438356,-43.3701,22.944475,30.83785,41.7378,1013.6738,37.8459945016814,13.8162833985504,281.64859249429,0.674125919291687,0.0052577086642963,0.116599676
CAISO_NP15_2019_25,-123.195403607734,-30.0119579323649,-17.0839656058664,103.551566551315,135.209511170218,118.796388847119,3.87,0,2.5,35.5941091438356,-43.3701,22.944475,30.83785,41.7378,1013.6738,37.8459945016814,13.8162833985504,281.64859249429,0.674125919291687,0.0052577086642963,0.116599676
CAISO_NP15_2019_30,-123.195403607734,-30.0119579323649,57.9932080035515,167.808313971611,210.186187662346,193.739663617711,3.87,0,3.0,35.5941091438356,-43.3701,22.944475,30.83785,41.7378,1013.6738,37.8459945016814,13.8162833985504,281.64859249429,0.674125919291687,0.0052577086642963,0.116599676
CAISO_SP15_2019_20,-121.715207643754,-28.6865148816336,-86.916519815498,52.3345175012319,65.964525162527,46.7925535661943,3.87,0,2.0,35.76289704,-36.4988,21.907575,30.81345,42.2941,980.3147,39.34944274,13.05012585,246.6358946,0.686219743,0.005721276,0.057761912
CAISO_SP15_2019_10,-120.500801643754,-28.4351698816336,-178.363575986449,-16.9714058583178,-34.438495413172,-53.7457483039762,3.87,0,1.0,35.762897043379,-36.4988,21.907575,30.81345,42.2941,980.3147,39.349442741929,13.0501258482493,246.635894571851,0.686219742798991,0.005721275721817,0.057761912
CAISO_SP15_2019_15,-120.500801643754,-28.4351698816336,-148.009114814559,9.73303268003949,5.3566521992682,-15.3574728662091,3.87,0,1.5,35.762897043379,-36.4988,21.907575,30.81345,42.2941,980.3147,39.349442741929,13.0501258482493,246.635894571851,0.686219742798991,0.005721275721817,0.057761912
CAISO_SP15_2019_25,-120.500801643754,-28.4351698816336,-15.9028433269596,107.122497141011,136.751346359544,118.807414053657,3.87,0,2.5,35.762897043379,-36.4988,21.907575,30.81345,42.2941,980.3147,39.349442741929,13.0501258482493,246.635894571851,0.686219742798991,0.005721275721817,0.057761912
CAISO_SP15_2019_30,-120.500801643754,-28.4351698816336,59.0319321409737,170.427925403349,211.576504195284,193.458433011961,3.87,0,3.0,35.762897043379,-36.4988,21.907575,30.81345,42.2941,980.3147,39.349442741929,13.0501258482493,246.635894571851,0.686219742798991,0.005721275721817,0.057761912
SPP_NORTH_2022_20,-128.563855122611,-64.9628950558483,-198.675476510636,76.4934839755429,1.16879173186975,79.671199272055,8.21,0,2.0,35.71421293,-102.7981,9.72215,25.5635,52.368375,1161.6271,50.09888074,5.228412076,66.27828239,0.409015228,0.001765843,1.0
SPP_NORTH_2022_10,-127.543111122611,-60.0980100558483,-196.04144075806,-15.6332243908507,-79.757670610913,-16.9891609561486,8.21,0,1.0,35.7142129337899,-102.7981,9.72215,25.5635,52.368375,1161.6271,50.0988807429151,5.22841207556682,66.2782823879513,0.409015227776153,0.00176584264207,1.0
SPP_NORTH_2022_15,-127.543111122611,-60.0980100558483,-196.163501280397,24.9678662052168,-51.6877475726807,25.3712495262725,8.21,0,1.5,35.7142129337899,-102.7981,9.72215,25.5635,52.368375,1161.6271,50.0988807429151,5.22841207556682,66.2782823879513,0.409015227776153,0.00176584264207,1.0
SPP_NORTH_2022_25,-127.543111122611,-60.0980100558483,-163.162704037686,133.357894646903,62.1597612378996,143.749794420693,8.21,0,2.5,35.7142129337899,-102.7981,9.72215,25.5635,52.368375,1161.6271,50.0988807429151,5.22841207556682,66.2782823879513,0.409015227776153,0.00176584264207,1.0
SPP_NORTH_2022_30,-127.543111122611,-60.0980100558483,-96.9946930278069,193.762617564274,128.051693285843,211.311584693097,8.21,0,3.0,35.7142129337899,-102.7981,9.72215,25.5635,52.368375,1161.6271,50.0988807429151,5.22841207556682,66.2782823879513,0.409015227776153,0.00176584264207,1.0
MISO_MINNESOTA_2022_20,-135.673363838261,-63.3669728953345,-202.10465705875,20.3373265043706,-23.2874473786292,21.4088366240222,8.04,0,2.0,44.09752968,-62.28,23.52,36.915,55.6825,1781.78,49.09061903,14.55683948,395.1689622,0.534700206,0.001960582,0.998730506
MISO_MINNESOTA_2022_10,-134.566547838261,-60.2615028953345,-198.424632831879,-47.7092695245741,-83.1018112285938,-56.2058716676635,8.04,0,1.0,44.0975296803653,-62.28,23.52,36.915,55.6825,1781.78,49.0906190295634,14.5568394836225,395.168962190773,0.534700206218746,0.0019605820542443,0.998730506
MISO_MINNESOTA_2022_15,-134.566547838261,-60.2615028953345,-198.303080897403,-21.9472977394361,-68.9060413048054,-25.9349078267784,8.04,0,1.5,44.0975296803653,-62.28,23.52,36.915,55.6825,1781.78,49.0906190295634,14.5568394836225,395.168962190773,0.534700206218746,0.0019605820542443,0.998730506
MISO_MINNESOTA_2022_25,-134.566547838261,-60.2615028953345,-169.382804605186,72.4141676802432,36.2235706953106,83.6366902747965,8.04,0,2.5,44.0975296803653,-62.28,23.52,36.915,55.6825,1781.78,49.0906190295634,14.5568394836225,395.168962190773,0.534700206218746,0.0019605820542443,0.998730506
MISO_MINNESOTA_2022_30,-134.566547838261,-60.2615028953345,-102.11685299611,130.775635537088,103.151200594947,152.273143371597,8.04,0,3.0,44.0975296803653,-62.28,23.52,36.915,55.6825,1781.78,49.0906190295634,14.5568394836225,395.168962190773,0.534700206218746,0.0019605820542443,0.998730506
ERCOT_WEST_2022_10,-89.4128156085273,0.854227146902465,-152.667224340316,26.5508138684142,-10.4756849605057,-40.2091522205734,7.05,0,1.0,50.3808780593607,-47.6123,22.81375,42.12905,64.050475,5143.3014,132.175934499097,25.502356731705,807.542324067923,0.803621666107564,0.0337839103513907,0.0
ERCOT_WEST_2022_15,-89.4128156085273,0.854227146902465,-153.123255440875,51.2274028109048,12.0346518957259,-12.3083217694731,7.05,0,1.5,50.3808780593607,-47.6123,22.81375,42.12905,64.050475,5143.3014,132.175934499097,25.502356731705,807.542324067923,0.803621666107564,0.0337839103513907,0.0
ERCOT_WEST_2022_25,-89.4128156085273,0.854227146902465,-95.7069989731802,129.744545878086,106.396733486429,82.5832951058939,7.05,0,2.5,50.3808780593607,-47.6123,22.81375,42.12905,64.050475,5143.3014,132.175934499097,25.502356731705,807.542324067923,0.803621666107564,0.0337839103513907,0.0
ERCOT_WEST_2022_30,-89.4128156085273,0.854227146902465,-32.852338608421,179.705407972565,168.774295736179,145.402683573771,7.05,0,3.0,50.3808780593607,-47.6123,22.81375,42.12905,64.050475,5143.3014,132.175934499097,25.502356731705,807.542324067923,0.803621666107564,0.0337839103513907,0.0
ERCOT_WEST_2022_20,-90.4181896085273,-2.50258785309753,-148.296123855881,86.8557491133033,52.9996732500635,26.816831024408,7.05,0,2.0,50.38087806,-47.6123,22.81375,42.12905,64.050475,5143.3014,132.1759345,25.50235673,807.5423241,0.803621666,0.03378391,0.0
SPP_SOUTH_2022_20,-78.1503872295458,2.89314639717895,-145.205739450418,106.05574006637,63.3265708016187,26.1761074332516,7.61,0,2.0,52.4426684,-38.083,19.2189,40.44085,69.956125,1356.8784,60.5276699,4.115521762,45.5523622,0.369439073,0.001709504,1.0
SPP_SOUTH_2022_10,-76.7884292295459,7.50668639717895,-148.903457238331,40.6296312787876,-1.48359192626783,-38.7385908076124,7.61,0,1.0,52.4426684018264,-38.083,19.2189,40.44085,69.956125,1356.8784,60.527669904199,4.11552176204865,45.5523622002487,0.369439072701405,0.0017095040459721,1.0
SPP_SOUTH_2022_15,-76.7884292295459,7.50668639717895,-148.071124783021,67.8652996236675,21.7188725962826,-11.2866683276542,7.61,0,1.5,52.4426684018264,-38.083,19.2189,40.44085,69.956125,1356.8784,60.527669904199,4.11552176204865,45.5523622002487,0.369439072701405,0.0017095040459721,1.0
SPP_SOUTH_2022_25,-76.7884292295459,7.50668639717895,-99.0338605631535,150.796752231453,114.826475985597,81.0238703611098,7.61,0,2.5,52.4426684018264,-38.083,19.2189,40.44085,69.956125,1356.8784,60.527669904199,4.11552176204865,45.5523622002487,0.369439072701405,0.0017095040459721,1.0
SPP_SOUTH_2022_30,-76.7884292295459,7.50668639717895,-40.0517275838842,200.614720814586,173.498602459887,141.131662188795,7.61,0,3.0,52.4426684018264,-38.083,19.2189,40.44085,69.956125,1356.8784,60.527669904199,4.11552176204865,45.5523622002487,0.369439072701405,0.0017095040459721,1.0
ERCOT_SOUTH_2022_10,-96.2236540920522,-2.54020489890779,-156.971371907923,3.31802042527603,-19.0743007537686,-59.466726844917,7.05,0,1.0,53.5080784589041,-31.1793,28.146175,43.3772,63.054075,4680.6634,114.064885885672,25.2362776132813,817.195492608036,0.777703503870432,0.0038037814846298,0.605025296
ERCOT_SOUTH_2022_15,-96.2236540920522,-2.54020489890779,-157.034761203879,22.1212319737354,-4.1149380568257,-35.8118442271364,7.05,0,1.5,53.5080784589041,-31.1793,28.146175,43.3772,63.054075,4680.6634,114.064885885672,25.2362776132813,817.195492608036,0.777703503870432,0.0038037814846298,0.605025296
ERCOT_SOUTH_2022_25,-96.2236540920522,-2.54020489890779,-104.507171866345,97.9881524926199,89.3842070478843,55.6788659626416,7.05,0,2.5,53.5080784589041,-31.1793,28.146175,43.3772,63.054075,4680.6634,114.064885885672,25.2362776132813,817.195492608036,0.777703503870432,0.0038037814846298,0.605025296
ERCOT_SOUTH_2022_30,-96.2236540920522,-2.54020489890779,-40.4571594166344,147.900792338072,152.901064232393,118.866014760276,7.05,0,3.0,53.5080784589041,-31.1793,28.146175,43.3772,63.054075,4680.6634,114.064885885672,25.2362776132813,817.195492608036,0.777703503870432,0.0038037814846298,0.605025296
ERCOT_SOUTH_2022_20,-97.1460300920522,-3.88625989890779,-155.010784506026,55.6775061205203,35.8703011500356,0.444594427105668,7.05,0,2.0,53.50807846,-31.1793,28.146175,43.3772,63.054075,4680.6634,114.0648859,25.23627761,817.1954926,0.777703504,0.003803781,0.605025296
NYISO_2022_10,-86.4890515126828,4.0224289470381,-148.408370171876,26.8572215587192,-8.58108673692594,-44.0308670785825,7.57,0,1.0,53.6444908675799,-410.7,24.7,43.98,66.5375,2829.46,73.7527740322876,15.1125777987716,457.641777646963,0.497978053748506,0.004132604212697,0.45108567
NYISO_2022_15,-86.4890515126828,4.0224289470381,-147.819324880827,48.9219272050522,9.89877072202469,-19.552662536829,7.57,0,1.5,53.6444908675799,-410.7,24.7,43.98,66.5375,2829.46,73.7527740322876,15.1125777987716,457.641777646963,0.497978053748506,0.004132604212697,0.45108567
NYISO_2022_25,-86.4890515126828,4.0224289470381,-108.760771266281,124.70133412438,99.3711315074013,70.3638057729088,7.57,0,2.5,53.6444908675799,-410.7,24.7,43.98,66.5375,2829.46,73.7527740322876,15.1125777987716,457.641777646963,0.497978053748506,0.004132604212697,0.45108567
NYISO_2022_30,-86.4890515126828,4.0224289470381,-47.7591086856191,173.442028024711,160.06240736594,131.224702671829,7.57,0,3.0,53.6444908675799,-410.7,24.7,43.98,66.5375,2829.46,73.7527740322876,15.1125777987716,457.641777646963,0.497978053748506,0.004132604212697,0.45108567
NYISO_2022_20,-87.5712755126828,1.9223389470381,-148.742274583365,82.3338822311365,48.140368864576,16.3152301212582,7.57,0,2.0,53.64449087,-410.7,24.7,43.98,66.5375,2829.46,73.75277403,15.1125778,457.6417776,0.497978054,0.004132604,0.45108567
ERCOT_NORTH_2022_10,-90.4346463753002,4.81313547583527,-152.293766468904,9.12516118963262,-11.1859902534906,-61.4931432254496,7.05,0,1.0,55.0601665981735,-464.7304,28.1067,44.2324,64.246875,5073.4436,130.888056289896,25.9056981923032,819.626628370214,0.817022371906687,0.0047820889154219,0.217680495
ERCOT_NORTH_2022_15,-90.4346463753002,4.81313547583527,-152.361008387709,27.5710360403556,2.7486394867582,-38.8242661587593,7.05,0,1.5,55.0601665981735,-464.7304,28.1067,44.2324,64.246875,5073.4436,130.888056289896,25.9056981923032,819.626628370214,0.817022371906687,0.0047820889154219,0.217680495
ERCOT_NORTH_2022_25,-90.4346463753002,4.81313547583527,-99.2943599432439,101.344811368542,94.6920429053743,51.8773312366128,7.05,0,2.5,55.0601665981735,-464.7304,28.1067,44.2324,64.246875,5073.4436,130.888056289896,25.9056981923032,819.626628370214,0.817022371906687,0.0047820889154219,0.217680495
ERCOT_NORTH_2022_30,-90.4346463753002,4.81313547583527,-36.4845435152391,150.609379342766,157.009057359724,114.87914624592,7.05,0,3.0,55.0601665981735,-464.7304,28.1067,44.2324,64.246875,5073.4436,130.888056289896,25.9056981923032,819.626628370214,0.817022371906687,0.0047820889154219,0.217680495
ERCOT_NORTH_2022_20,-91.3785403753002,3.21573547583527,-149.746649247592,60.1182904007345,41.7640136613372,-2.5056271714094,7.05,0,2.0,55.0601666,-464.7304,28.1067,44.2324,64.246875,5073.4436,130.8880563,25.90569819,819.6266284,0.817022372,0.004782089,0.217680495
ERCOT_HOUSTON_2022_10,-60.9821363974148,38.6051221199603,-122.230067101664,39.7390471518873,25.8127385557007,-64.2901346108197,7.05,0,1.0,61.9753254452054,-28.7943,30.784325,46.5179,68.534975,4835.4304,146.368505022828,20.3951491020391,525.174338598571,0.789438761119654,0.00336158360151,0.810101805
ERCOT_HOUSTON_2022_15,-60.9821363974148,38.6051221199603,-122.009059644847,54.9703738420723,36.9201955096303,-45.8036210300321,7.05,0,1.5,61.9753254452054,-28.7943,30.784325,46.5179,68.534975,4835.4304,146.368505022828,20.3951491020391,525.174338598571,0.789438761119654,0.00336158360151,0.810101805
ERCOT_HOUSTON_2022_25,-60.9821363974148,38.6051221199603,-72.2899394785132,123.464030634124,123.389444233481,37.9391832760691,7.05,0,2.5,61.9753254452054,-28.7943,30.784325,46.5179,68.534975,4835.4304,146.368505022828,20.3951491020391,525.174338598571,0.789438761119654,0.00336158360151,0.810101805
ERCOT_HOUSTON_2022_30,-60.9821363974148,38.6051221199603,-12.036188328296,170.018825059408,183.110567142285,97.6860564300083,7.05,0,3.0,61.9753254452054,-28.7943,30.784325,46.5179,68.534975,4835.4304,146.368505022828,20.3951491020391,525.174338598571,0.789438761119654,0.00336158360151,0.810101805
ERCOT_HOUSTON_2022_20,-61.9690663974148,37.2590671199603,-120.151067592535,84.8789675460752,73.2121612868413,-12.7441217019403,7.05,0,2.0,61.97532545,-28.7943,30.784325,46.5179,68.534975,4835.4304,146.368505,20.3951491,525.1743386,0.789438761,0.003361584,0.810101805
MISO_LOUISIANA_2022_20,-106.221579541738,1.79451455225205,-168.43391092266,19.445257777021,9.28249235509008,-41.0058489492614,8.04,0,2.0,62.47651027,-3.03,40.29,52.905,71.82,2009.43,60.16116204,16.3724742,397.407016,0.671959306,0.00181516,1.0
MISO_LOUISIANA_2022_10,-105.228501541738,2.38653455225205,-166.31749366614,-2.77563679927083,-14.3583941211693,-67.1563650212908,8.04,0,1.0,62.4765102739726,-3.03,40.29,52.905,71.82,2009.43,60.1611620401058,16.3724741952596,397.407015998525,0.671959306136359,0.001815160000366,1.0
MISO_LOUISIANA_2022_15,-105.228501541738,2.38653455225205,-166.316419557821,1.2881721796463,-14.0408902467498,-62.6486717678855,8.04,0,1.5,62.4765102739726,-3.03,40.29,52.905,71.82,2009.43,60.1611620401058,16.3724741952596,397.407015998525,0.671959306136359,0.001815160000366,1.0
MISO_LOUISIANA_2022_25,-105.228501541738,2.38653455225205,-146.677675449173,51.271270945976,53.3778544080295,0.11697899168756,8.04,0,2.5,62.4765102739726,-3.03,40.29,52.905,71.82,2009.43,60.1611620401058,16.3724741952596,397.407015998525,0.671959306136359,0.001815160000366,1.0
MISO_LOUISIANA_2022_30,-105.228501541738,2.38653455225205,-88.9868782353428,93.263411842771,110.506123328785,57.389074596962,8.04,0,3.0,62.4765102739726,-3.03,40.29,52.905,71.82,2009.43,60.1611620401058,16.3724741952596,397.407015998525,0.671959306136359,0.001815160000366,1.0
MISO_INDIANA_2022_20,-70.4859964270936,49.3430844576785,-149.765851848217,60.4035862563864,55.5992837538818,-52.1784962070515,8.04,0,2.0,71.46314954,-4.43,44.3475,58.255,81.5925,2411.71,70.27445867,14.63693097,366.3904192,0.582687418,0.002469096,0.991907678
MISO_INDIANA_2022_10,-69.1609264270936,49.4324144576785,-131.619361259968,45.0356150908091,37.633572333983,-67.1484197627427,8.04,0,1.0,71.4631495433789,-4.43,44.3475,58.255,81.5925,2411.71,70.2744586656766,14.6369309736188,366.390419159243,0.582687417657025,0.0024690956126186,0.991907678
MISO_INDIANA_2022_15,-69.1609264270936,49.4324144576785,-131.619361259968,47.8287064783148,38.4246104794983,-65.4996503102767,8.04,0,1.5,71.4631495433789,-4.43,44.3475,58.255,81.5925,2411.71,70.2744586656766,14.6369309736188,366.390419159243,0.582687417657025,0.0024690956126186,0.991907678
MISO_INDIANA_2022_25,-69.1609264270936,49.4324144576785,-111.940778789151,85.0836858683321,92.3574980988937,-16.6490947252272,8.04,0,2.5,71.4631495433789,-4.43,44.3475,58.255,81.5925,2411.71,70.2744586656766,14.6369309736188,366.390419159243,0.582687417657025,0.0024690956126186,0.991907678
MISO_INDIANA_2022_30,-69.1609264270936,49.4324144576785,-61.4236438668981,119.81506749068,142.300142931141,31.4820628008487,8.04,0,3.0,71.4631495433789,-4.43,44.3475,58.255,81.5925,2411.71,70.2744586656766,14.6369309736188,366.390419159243,0.582687417657025,0.0024690956126186,0.991907678
PJM_WEST_2022_10,-33.7576587618433,91.2814825738177,-93.4518571221217,86.5451771654837,83.4063202011982,-67.0676788557162,7.04,0,1.0,74.2522852853881,-20.2954,44.427075,58.14895,81.378875,3794.4313,118.221722987599,19.7848955426054,478.580990097861,0.814901879755278,0.0024749520070915,0.991829102
PJM_WEST_2022_15,-33.7576587618433,91.2814825738177,-93.401760753711,89.2122529402155,85.6377857158465,-64.5721528830724,7.04,0,1.5,74.2522852853881,-20.2954,44.427075,58.14895,81.378875,3794.4313,118.221722987599,19.7848955426054,478.580990097861,0.814901879755278,0.0024749520070915,0.991829102
PJM_WEST_2022_25,-33.7576587618433,91.2814825738177,-55.1591640353674,122.196071748389,141.488956335207,-16.9905186659644,7.04,0,2.5,74.2522852853881,-20.2954,44.427075,58.14895,81.378875,3794.4313,118.221722987599,19.7848955426054,478.580990097861,0.814901879755278,0.0024749520070915,0.991829102
PJM_WEST_2022_30,-33.7576587618433,91.2814825738177,-4.34200689702227,154.061759185415,191.737934690177,32.902267043709,7.04,0,3.0,74.2522852853881,-20.2954,44.427075,58.14895,81.378875,3794.4313,118.221722987599,19.7848955426054,478.580990097861,0.814901879755278,0.0024749520070915,0.991829102
PJM_WEST_2022_20,-34.9044367618433,91.1921525738177,-91.8610239485175,100.604506541372,104.444661168373,-51.353677943246,7.04,0,2.0,74.25228529,-20.2954,44.427075,58.14895,81.378875,3794.4313,118.221723,19.78489554,478.5809901,0.81490188,0.002474952,0.991829102
CAISO_ZP26_2022_10,11.4136362245045,132.761277488695,-50.767433378729,143.020492995856,133.8589377907,-62.3229267622604,7.47,0,1.0,81.301186175799,-35.0853,45.008325,65.30625,86.917725,1976.5301,101.723699557689,9.08334326116305,129.986690122626,0.62793110605913,0.0035373330004687,0.732585374
CAISO_ZP26_2022_15,11.4136362245045,132.761277488695,-50.7275774835514,153.167835374886,142.705756915203,-52.268615662086,7.47,0,1.5,81.301186175799,-35.0853,45.008325,65.30625,86.917725,1976.5301,101.723699557689,9.08334326116305,129.986690122626,0.62793110605913,0.0035373330004687,0.732585374
CAISO_ZP26_2022_25,11.4136362245045,132.761277488695,-20.343603587365,189.490219364512,191.302137820066,-2.01003342660182,7.47,0,2.5,81.301186175799,-35.0853,45.008325,65.30625,86.917725,1976.5301,101.723699557689,9.08334326116305,129.986690122626,0.62793110605913,0.0035373330004687,0.732585374
CAISO_ZP26_2022_30,11.4136362245045,132.761277488695,24.1728374473346,216.629901534196,235.0544989436,43.0970873068705,7.47,0,3.0,81.301186175799,-35.0853,45.008325,65.30625,86.917725,1976.5301,101.723699557689,9.08334326116305,129.986690122626,0.62793110605913,0.0035373330004687,0.732585374
CAISO_ZP26_2022_20,10.3654022245045,132.761277488695,-47.2284510974552,168.235523113905,161.321799775598,-35.2106947219343,7.47,0,2.0,81.30118618,-35.0853,45.008325,65.30625,86.917725,1976.5301,101.7236996,9.083343261,129.9866901,0.627931106,0.003537333,0.732585374
CAISO_SP15_2022_10,24.5613240295077,147.883212017107,-36.9280441624857,155.761197724569,149.351328364326,-64.0843617853615,7.47,0,1.0,84.2986174999999,-27.4744,46.06545,65.96965,90.0033,1994.734,104.727343196449,8.68144364759443,119.572177924847,0.623035543225074,0.0040899064496028,0.47001499
CAISO_SP15_2022_15,24.5613240295077,147.883212017107,-36.5979775632164,165.085227337876,157.42303352999,-53.4674576906485,7.47,0,1.5,84.2986174999999,-27.4744,46.06545,65.96965,90.0033,1994.734,104.727343196449,8.68144364759443,119.572177924847,0.623035543225074,0.0040899064496028,0.47001499
CAISO_SP15_2022_25,24.5613240295077,147.883212017107,-7.78798726021548,199.520305789647,204.445826984432,-6.95211428434285,7.47,0,2.5,84.2986174999999,-27.4744,46.06545,65.96965,90.0033,1994.734,104.727343196449,8.68144364759443,119.572177924847,0.623035543225074,0.0040899064496028,0.47001499
CAISO_SP15_2022_30,24.5613240295077,147.883212017107,35.7517072978389,225.923648804427,247.186762149092,36.6433714378797,7.47,0,3.0,84.2986174999999,-27.4744,46.06545,65.96965,90.0033,1994.734,104.727343196449,8.68144364759443,119.572177924847,0.623035543225074,0.0040899064496028,0.47001499
CAISO_SP15_2022_20,23.5499780295077,147.883212017107,-34.0296701355917,179.238159586861,175.102568756365,-38.3547605493245,7.47,0,2.0,84.2986175,-27.4744,46.06545,65.96965,90.0033,1994.734,104.7273432,8.681443648,119.5721779,0.623035543,0.004089906,0.47001499
ISO_NE_2022_20,-52.3806430049528,61.7986741138197,-114.842580530878,71.3423505783311,54.4692332383887,-54.0283233525603,10.76,0,2.0,84.91544863,-150.91,49.545,65.87,98.705,2254.35,64.92435099,6.741013859,157.4969691,0.289357305,0.002238656,0.994999534
ISO_NE_2022_10,-51.4521190049529,63.6474191138197,-109.469859175831,59.6232746918583,40.7161182300908,-66.8227287163792,10.76,0,1.0,84.9154486301369,-150.91,49.545,65.87,98.705,2254.35,64.9243509906469,6.7410138588519,157.496969111368,0.289357305027625,0.0022386559257708,0.994999534
ISO_NE_2022_15,-51.4521190049529,63.6474191138197,-109.462798108322,62.4220694756465,53.117318070933,-63.5949924858747,10.76,0,1.5,84.9154486301369,-150.91,49.545,65.87,98.705,2254.35,64.9243509906469,6.7410138588519,157.496969111368,0.289357305027625,0.0022386559257708,0.994999534
ISO_NE_2022_25,-51.4521190049529,63.6474191138197,-109.301043654836,92.4341728513951,80.1259036888951,-25.641493845551,10.76,0,2.5,84.9154486301369,-150.91,49.545,65.87,98.705,2254.35,64.9243509906469,6.7410138588519,157.496969111368,0.289357305027625,0.0022386559257708,0.994999534
ISO_NE_2022_30,-51.4521190049529,63.6474191138197,-108.507469619233,125.529696424337,122.260857695757,16.3138217143973,10.76,0,3.0,84.9154486301369,-150.91,49.545,65.87,98.705,2254.35,64.9243509906469,6.7410138588519,157.496969111368,0.289357305027625,0.0022386559257708,0.994999534
CAISO_NP15_2022_10,37.504785631106,170.806381412849,-21.70349787909,171.467066425214,172.301461142335,-66.3238212196961,7.47,0,1.0,89.6334400456621,-16.3892,51.30345,69.9768,91.973725,1971.8911,106.443965855976,9.23866870416404,129.129212011795,0.653544559942648,0.004203257729084,0.419762646
CAISO_NP15_2022_15,37.504785631106,170.806381412849,-21.1956829877789,176.456903292548,176.344574630379,-61.1726338242352,7.47,0,1.5,89.6334400456621,-16.3892,51.30345,69.9768,91.973725,1971.8911,106.443965855976,9.23866870416404,129.129212011795,0.653544559942648,0.004203257729084,0.419762646
CAISO_NP15_2022_25,37.504785631106,170.806381412849,1.91803591617114,201.443215446314,213.516260321108,-25.3217891843045,7.47,0,2.5,89.6334400456621,-16.3892,51.30345,69.9768,91.973725,1971.8911,106.443965855976,9.23866870416404,129.129212011795,0.653544559942648,0.004203257729084,0.419762646
CAISO_NP15_2022_30,37.504785631106,170.806381412849,41.215072465482,222.98117408597,251.929446081815,12.8857987682457,7.47,0,3.0,89.6334400456621,-16.3892,51.30345,69.9768,91.973725,1971.8911,106.443965855976,9.23866870416404,129.129212011795,0.653544559942648,0.004203257729084,0.419762646
CAISO_NP15_2022_20,36.597955631106,170.806381412849,-19.8399915782295,185.961144185418,189.276219994349,-51.5806885889461,7.47,0,2.0,89.63344005,-16.3892,51.30345,69.9768,91.973725,1971.8911,106.4439659,9.238668704,129.129212,0.65354456,0.004203258,0.419762646
HighSolarCapRes_2030_20,-169.923199863145,-95.7992822769291,-68.2277698384581,60.0507217048714,67.10465888279,122.313247228979,2.94,0,2.0,19.96012651,-266.2156793,17.68400057,19.61800056,22.21099469,123.8209637,8.82069626,-4.116510706,250.0569619,0.07091521,0.058773988,0.0
HighSolarCapRes_2030_10,-169.621771863145,-95.7992822769291,-232.474852021035,-82.028919019043,-87.7914122610566,-33.5201230061727,2.94,0,1.0,19.9601265132941,-266.2156793,17.6840005675,19.61800056,22.21099469,123.8209637,8.82069625972731,-4.11651070596815,250.056961941975,0.0709152096382128,0.0587739882983587,0.0
HighSolarCapRes_2030_15,-169.621771863145,-95.7992822769291,-146.227419571854,-17.6136072435654,-10.8859040294122,44.1566374439933,2.94,0,1.5,19.9601265132941,-266.2156793,17.6840005675,19.61800056,22.21099469,123.8209637,8.82069625972731,-4.11651070596815,250.056961941975,0.0709152096382128,0.0587739882983587,0.0
HighSolarCapRes_2030_25,-169.621771863145,-95.7992822769291,10.0887037729352,137.869406252091,145.413241352938,200.722434118923,2.94,0,2.5,19.9601265132941,-266.2156793,17.6840005675,19.61800056,22.21099469,123.8209637,8.82069625972731,-4.11651070596815,250.056961941975,0.0709152096382128,0.0587739882983587,0.0
HighSolarCapRes_2030_30,-169.621771863145,-95.7992822769291,88.5909046706755,215.860401432916,223.906670493675,279.276772440328,2.94,0,3.0,19.9601265132941,-266.2156793,17.6840005675,19.61800056,22.21099469,123.8209637,8.82069625972731,-4.11651070596815,250.056961941975,0.0709152096382128,0.0587739882983587,0.0
BaseCaseCapRes_2030_10,-170.999306863331,-95.568419066558,-221.440000000007,-84.2866816311666,-89.4863539032203,-35.7750536220062,2.94,0,1.0,20.1098610797038,-330.0078856,17.74400002,19.98099997,23.24599975,111.6506992,8.71278313117536,-16.8002637228088,641.207653735916,0.439684948805302,0.0523286478906088,0.0
BaseCaseCapRes_2030_15,-170.999306863331,-95.568419066558,-147.513795084616,-21.2417270874498,-12.3233251197033,42.2024336884626,2.94,0,1.5,20.1098610797038,-330.0078856,17.74400002,19.98099997,23.24599975,111.6506992,8.71278313117536,-16.8002637228088,641.207653735916,0.439684948805302,0.0523286478906088,0.0
BaseCaseCapRes_2030_25,-170.999306863331,-95.568419066558,9.44362064838738,134.891681561728,144.622840714109,199.286355941833,2.94,0,2.5,20.1098610797038,-330.0078856,17.74400002,19.98099997,23.24599975,111.6506992,8.71278313117536,-16.8002637228088,641.207653735916,0.439684948805302,0.0523286478906088,0.0
BaseCaseCapRes_2030_30,-170.999306863331,-95.568419066558,88.2003050760718,213.292061853355,223.378124669065,278.056534603534,2.94,0,3.0,20.1098610797038,-330.0078856,17.74400002,19.98099997,23.24599975,111.6506992,8.71278313117536,-16.8002637228088,641.207653735916,0.439684948805302,0.0523286478906088,0.0
BaseCaseCapRes_2030_20,-171.190070863331,-95.568419066558,-69.1368410248936,56.698805954367,66.048416784269,120.664678944096,2.94,0,2.0,20.10986108,-330.0078856,17.74400002,19.98099997,23.24599975,111.6506992,8.712783131,-16.80026372,641.2076537,0.439684949,0.052328648,0.0
HighWindCapRes_2030_10,-170.999306962892,-95.5684177035134,-221.440000000007,-84.286680689514,-89.4862048914585,-35.7750543666152,2.94,0,1.0,20.1098613258268,-330.0078845,17.74400006,19.98099999,23.24599993,111.6506988,8.71278323173906,-16.8002631799136,641.207606656842,0.439684952621448,0.0523287082051707,0.0
HighWindCapRes_2030_15,-170.999306962892,-95.5684177035134,-147.513941325937,-21.241214307897,-12.323125059724,42.2024320335948,2.94,0,1.5,20.1098613258268,-330.0078845,17.74400006,19.98099999,23.24599993,111.6506988,8.71278323173906,-16.8002631799136,641.207606656842,0.439684952621448,0.0523287082051707,0.0
HighWindCapRes_2030_25,-170.999306962892,-95.5684177035134,9.43897999295187,134.902544500289,144.622840711451,199.286354403814,2.94,0,2.5,20.1098613258268,-330.0078845,17.74400006,19.98099999,23.24599993,111.6506988,8.71278323173906,-16.8002631799136,641.207606656842,0.439684952621448,0.0523287082051707,0.0
HighWindCapRes_2030_30,-170.999306962892,-95.5684177035134,88.2003049583545,213.292060209677,223.378124653712,278.056533052332,2.94,0,3.0,20.1098613258268,-330.0078845,17.74400006,19.98099999,23.24599993,111.6506988,8.71278323173906,-16.8002631799136,641.207606656842,0.439684952621448,0.0523287082051707,0.0
HighWindCapRes_2030_20,-171.190070962892,-95.5684177035134,-69.1368412630068,56.6988043183899,66.0484166481623,120.664926675638,2.94,0,2.0,20.10986133,-330.0078845,17.74400006,19.98099999,23.24599993,111.6506988,8.712783232,-16.80026318,641.2076067,0.439684953,0.052328708,0.0
WinterNYCapRes_2030_20,-165.958481071705,-84.3387081401703,-67.369172158146,51.5146853753648,67.998801892765,108.899743317316,2.94,0,2.0,22.35654316,1.06e-08,19.02499998,20.52499997,23.66005472,135.5121691,9.704171047,6.377681674,56.93429715,0.695329901,0.030059282,0.0
WinterNYCapRes_2030_10,-165.423429071705,-84.3387081401703,-217.565677618696,-80.9981466590774,-83.7960527615137,-44.3658413934645,2.94,0,1.0,22.3565431631262,1.06e-08,19.02499998,20.52499997,23.6600547225,135.5121691,9.70417104670176,6.37768167442361,56.9342971538921,0.695329900696167,0.0300592821260901,0.0
WinterNYCapRes_2030_15,-165.423429071705,-84.3387081401703,-144.76151761727,-23.1622067889642,-9.38071737284752,31.2311781375897,2.94,0,1.5,22.3565431631262,1.06e-08,19.02499998,20.52499997,23.6600547225,135.5121691,9.70417104670176,6.37768167442361,56.9342971538921,0.695329900696167,0.0300592821260901,0.0
WinterNYCapRes_2030_25,-165.423429071705,-84.3387081401703,10.339542922217,128.649932429283,145.695848492913,186.817616107759,2.94,0,2.5,22.3565431631262,1.06e-08,19.02499998,20.52499997,23.6600547225,135.5121691,9.70417104670176,6.37768167442361,56.9342971538921,0.695329900696167,0.0300592821260901,0.0
WinterNYCapRes_2030_30,-165.423429071705,-84.3387081401703,88.3655988994469,206.058791377722,223.704438413352,264.97538882862,2.94,0,3.0,22.3565431631262,1.06e-08,19.02499998,20.52499997,23.6600547225,135.5121691,9.70417104670176,6.37768167442361,56.9342971538921,0.695329900696167,0.0300592821260901,0.0
WinterNY_2030_10,-141.786779782463,-46.9501556121567,-193.062678857729,-51.4701148400422,-56.2489356601679,-58.9026165877097,2.94,0,1.0,29.087938995193,2.6e-07,21.5480030925,23.72600036,28.2427225075,4257.425614,81.7230486944425,31.5358253555846,1215.07484184908,0.817279371238387,0.0356353283125487,0.0
WinterNY_2030_15,-141.786779782463,-46.9501556121567,-127.715352545556,-15.1306108906896,10.7039322224794,8.79556882366749,2.94,0,1.5,29.087938995193,2.6e-07,21.5480030925,23.72600036,28.2427225075,4257.425614,81.7230486944425,31.5358253555846,1215.07484184908,0.817279371238387,0.0356353283125487,0.0
WinterNY_2030_25,-141.786779782463,-46.9501556121567,27.1569492647669,127.288493526722,165.541479677084,163.198858330457,2.94,0,2.5,29.087938995193,2.6e-07,21.5480030925,23.72600036,28.2427225075,4257.425614,81.7230486944425,31.5358253555846,1215.07484184908,0.817279371238387,0.0356353283125487,0.0
WinterNY_2030_30,-141.786779782463,-46.9501556121567,104.942258117041,204.621136655997,243.318913904045,240.936279591969,2.94,0,3.0,29.087938995193,2.6e-07,21.5480030925,23.72600036,28.2427225075,4257.425614,81.7230486944425,31.5358253555846,1215.07484184908,0.817279371238387,0.0356353283125487,0.0
WinterNY_2030_20,-142.263425782463,-46.9501556121567,-50.4606071386725,50.8013813267919,87.9314455297141,42.8414971656635,2.94,0,2.0,29.087939,2.6e-07,21.54800309,23.72600036,28.24272251,4257.425614,81.72304869,31.53582536,1215.074842,0.817279371,0.035635328,0.0
HighSolar_2030_20,-117.857299733699,-33.5689815744725,-26.8930037206022,94.475926738705,116.308062632961,97.8277857815774,2.94,0,2.0,30.12822897,-111.2865714,18.772,22.773,27.41026977,1800.0,91.83028677,14.24656195,224.0559508,0.898296668,0.046175794,0.0
HighSolar_2030_10,-116.873443733699,-33.5689815744725,-170.75081166667,-15.3697942989843,-25.2569598835289,-41.4612521650707,2.94,0,1.0,30.1282289749271,-111.2865714,18.772,22.773,27.41026977,1800.0,91.830286765134,14.246561946429,224.055950779972,0.898296667997231,0.0461757940533106,0.0
HighSolar_2030_15,-116.873443733699,-33.5689815744725,-102.218879117189,29.0976901643836,40.9933636012749,24.8589144369089,2.94,0,1.5,30.1282289749271,-111.2865714,18.772,22.773,27.41026977,1800.0,91.830286765134,14.246561946429,224.055950779972,0.898296667997231,0.0461757940533106,0.0
HighSolar_2030_25,-116.873443733699,-33.5689815744725,49.1968706827397,168.716516861869,192.375062182466,173.565583868223,2.94,0,2.5,30.1282289749271,-111.2865714,18.772,22.773,27.41026977,1800.0,91.830286765134,14.246561946429,224.055950779972,0.898296667997231,0.0461757940533106,0.0
HighSolar_2030_30,-116.873443733699,-33.5689815744725,125.980101481379,244.055473349647,269.130148463091,250.11764044301,2.94,0,3.0,30.1282289749271,-111.2865714,18.772,22.773,27.41026977,1800.0,91.830286765134,14.246561946429,224.055950779972,0.898296667997231,0.0461757940533106,0.0
HighWind_2030_20,-121.134063972064,-33.2032206247466,-32.8427219864721,82.3781117866848,110.457550066866,92.5376403498304,2.94,0,2.0,30.24979597,-113.2815693,19.02499999,24.12941556,30.09999996,1349.591576,80.52218078,12.48307212,162.0554336,0.950142081,0.036187199,0.0
HighWind_2030_10,-120.260871972064,-33.2032206247466,-171.166669703817,-16.645189063268,-27.8326157052331,-44.748452307386,2.94,0,1.0,30.2497959718471,-113.2815693,19.02499999,24.12941556,30.0999999625,1349.591576,80.5221807826289,12.4830721247343,162.055433591904,0.950142080836376,0.0361871987949361,0.0
HighWind_2030_15,-120.260871972064,-33.2032206247466,-108.6386403263,21.3779172937589,34.7040742608077,19.0979545732208,2.94,0,1.5,30.2497959718471,-113.2815693,19.02499999,24.12941556,30.0999999625,1349.591576,80.5221807826289,12.4830721247343,162.055433591904,0.950142080836376,0.0361871987949361,0.0
HighWind_2030_25,-120.260871972064,-33.2032206247466,43.8494912025857,156.179160413022,187.113077533704,169.410494158311,2.94,0,2.5,30.2497959718471,-113.2815693,19.02499999,24.12941556,30.0999999625,1349.591576,80.5221807826289,12.4830721247343,162.055433591904,0.950142080836376,0.0361871987949361,0.0
HighWind_2030_30,-120.260871972064,-33.2032206247466,120.966683968577,232.136491612683,264.232090279789,246.058672380861,2.94,0,3.0,30.2497959718471,-113.2815693,19.02499999,24.12941556,30.0999999625,1349.591576,80.5221807826289,12.4830721247343,162.055433591904,0.950142080836376,0.0361871987949361,0.0
BaseCase_2030_10,-120.260873806338,-33.2032200306225,-171.166815819504,-16.6451902453308,-27.8539102097439,-44.7484534266219,2.94,0,1.0,30.2497961080314,-113.2815717,19.02499997,24.12941557,30.099999875,1349.591575,80.5221810474391,12.4830720446519,162.055431566177,0.95014208038428,0.0361871499163883,0.0
BaseCase_2030_15,-120.260873806338,-33.2032200306225,-108.638943032421,21.3779127633434,34.7025128021159,19.1015625812141,2.94,0,1.5,30.2497961080314,-113.2815717,19.02499997,24.12941557,30.099999875,1349.591575,80.5221810474391,12.4830720446519,162.055431566177,0.95014208038428,0.0361871499163883,0.0
BaseCase_2030_25,-120.260873806338,-33.2032200306225,43.8495227613259,156.179160299428,187.128442065691,169.410493684345,2.94,0,2.5,30.2497961080314,-113.2815717,19.02499997,24.12941557,30.099999875,1349.591575,80.5221810474391,12.4830720446519,162.055431566177,0.95014208038428,0.0361871499163883,0.0
BaseCase_2030_30,-120.260873806338,-33.2032200306225,120.966554472164,232.136491569679,264.232639769643,246.058671917126,2.94,0,3.0,30.2497961080314,-113.2815717,19.02499997,24.12941557,30.099999875,1349.591575,80.5221810474391,12.4830720446519,162.055431566177,0.95014208038428,0.0361871499163883,0.0
BaseCase_2030_20,-121.134065806338,-33.2032200306225,-32.8427216331872,82.3781096311802,110.457753370263,92.537516132317,2.94,0,2.0,30.24979611,-113.2815717,19.02499997,24.12941557,30.09999988,1349.591575,80.52218105,12.48307204,162.0554316,0.95014208,0.03618715,0.0
HighWindTaxCapRes_2030_20,-82.8539848834027,12.627052689242,-60.5482468379586,72.8210802943322,88.0967628018031,25.5035243652429,2.94,60,2.0,37.48910137,-3.8e-06,36.58900079,40.10000003,46.57699799,202.8804025,23.90980952,1.274886734,8.244159549,0.23346309,0.087720608,0.0
HighWindTaxCapRes_2030_10,-81.8209448834027,12.627052689242,-130.142883816018,38.240615769793,20.065880774677,-55.8385297168104,2.94,60,1.0,37.489101373359,-3.8e-06,36.58900079,40.10000003,46.5769979875,202.8804025,23.9098095225082,1.27488673430835,8.24415954872197,0.233463090175604,0.0877206077720624,0.0
HighWindTaxCapRes_2030_15,-81.8209448834027,12.627052689242,-111.613781887614,55.2820971965853,38.1612973603734,-29.7131157714255,2.94,60,1.5,37.489101373359,-3.8e-06,36.58900079,40.10000003,46.5769979875,202.8804025,23.9098095225082,1.27488673430835,8.24415954872197,0.233463090175604,0.0877206077720624,0.0
HighWindTaxCapRes_2030_25,-81.8209448834027,12.627052689242,11.7007426467481,98.3863259337925,160.125883043172,98.7292245527599,2.94,60,2.5,37.489101373359,-3.8e-06,36.58900079,40.10000003,46.5769979875,202.8804025,23.9098095225082,1.27488673430835,8.24415954872197,0.233463090175604,0.0877206077720624,0.0
HighWindTaxCapRes_2030_30,-81.8209448834027,12.627052689242,87.3462310886633,149.466509334362,235.684822629598,174.862376044316,2.94,60,3.0,37.489101373359,-3.8e-06,36.58900079,40.10000003,46.5769979875,202.8804025,23.9098095225082,1.27488673430835,8.24415954872197,0.233463090175604,0.0877206077720624,0.0
HighSolarTaxCapRes_2030_20,-79.2895754722888,16.0838859636191,-54.291056157592,76.793264122615,94.2343414371579,26.1789386610861,2.94,60,2.0,38.28499219,-1.950964584,33.02505928,39.91199741,46.68399988,205.2991611,25.23772448,1.609095662,9.191508808,0.294375893,0.064112568,0.0
HighSolarTaxCapRes_2030_10,-78.3397094722888,16.0838859636191,-126.84076087912,40.0472462473287,23.0384730038323,-53.7305627667006,2.94,60,1.0,38.2849921940977,-1.950964584,33.0250592825,39.91199741,46.68399988,205.2991611,25.2377244797263,1.60909566229826,9.19150880817128,0.294375893155194,0.0641125683883621,0.0
HighSolarTaxCapRes_2030_15,-78.3397094722888,16.0838859636191,-106.459828722723,57.7475064936859,42.8643642637759,-29.3285351813489,2.94,60,1.5,38.2849921940977,-1.950964584,33.0250592825,39.91199741,46.68399988,205.2991611,25.2377244797263,1.60909566229826,9.19150880817128,0.294375893155194,0.0641125683883621,0.0
HighSolarTaxCapRes_2030_25,-78.3397094722888,16.0838859636191,12.9460548364037,106.091663335569,161.103645831113,95.1821791268845,2.94,60,2.5,38.2849921940977,-1.950964584,33.0250592825,39.91199741,46.68399988,205.2991611,25.2377244797263,1.60909566229826,9.19150880817128,0.294375893155194,0.0641125683883621,0.0
HighSolarTaxCapRes_2030_30,-78.3397094722888,16.0838859636191,88.0333088391176,158.923799218572,236.036400242281,170.724261194796,2.94,60,3.0,38.2849921940977,-1.950964584,33.0250592825,39.91199741,46.68399988,205.2991611,25.2377244797263,1.60909566229826,9.19150880817128,0.294375893155194,0.0641125683883621,0.0
BaseCaseTaxCapRes_2030_20,-74.6751989661896,26.8195880397751,-57.7350694552924,64.2034491999151,90.0963796254401,8.02937250233349,2.94,60,2.0,40.85208675,-1.44e-06,37.34199985,40.10000002,45.54099967,209.1004493,23.24454762,2.217126408,13.80024625,0.352095293,0.060626954,0.0
BaseCaseTaxCapRes_2030_10,-73.7683689661896,26.8195880397751,-122.437003180649,40.1834505203399,27.0356446163188,-62.8705326332113,2.94,60,1.0,40.8520867530253,-1.44e-06,37.34199985,40.10000002,45.54099967,209.1004493,23.2445476179648,2.21712640789691,13.8002462497075,0.3520952932019,0.0606269540671219,0.0
BaseCaseTaxCapRes_2030_15,-73.7683689661896,26.8195880397751,-108.78384928284,51.8785456518074,40.1793055991278,-44.9883884064217,2.94,60,1.5,40.8520867530253,-1.44e-06,37.34199985,40.10000002,45.54099967,209.1004493,23.2445476179648,2.21712640789691,13.8002462497075,0.3520952932019,0.0606269540671219,0.0
BaseCaseTaxCapRes_2030_25,-73.7683689661896,26.8195880397751,12.6442776879887,86.7674355429079,160.164975317815,79.6444023577064,2.94,60,2.5,40.8520867530253,-1.44e-06,37.34199985,40.10000002,45.54099967,209.1004493,23.2445476179648,2.21712640789691,13.8002462497075,0.3520952932019,0.0606269540671219,0.0
BaseCaseTaxCapRes_2030_30,-73.7683689661896,26.8195880397751,87.910869926793,138.557039849392,235.366020459566,155.504321468581,2.94,60,3.0,40.8520867530253,-1.44e-06,37.34199985,40.10000002,45.54099967,209.1004493,23.2445476179648,2.21712640789691,13.8002462497075,0.3520952932019,0.0606269540671219,0.0
WinterNYTaxCapRes_2030_20,-71.6225995568681,30.9753596270749,-62.8576359985515,63.7581730847106,84.543718971101,-1.92389145456426,2.94,60,2.0,41.8251288,7.11e-08,37.71799888,43.68300016,47.43368014,223.2342364,21.03365623,1.769445685,10.4959055,0.306064937,0.045315808,0.0
WinterNYTaxCapRes_2030_10,-70.734213556868,30.9753596270749,-119.522330986152,41.4545561010075,29.6219284729555,-63.4579219238716,2.94,60,1.0,41.8251288016701,7.11e-08,37.717998875,43.68300016,47.433680135,223.2342364,21.033656227374,1.76944568491764,10.4959055032712,0.306064936576326,0.0453158080138897,0.0
WinterNYTaxCapRes_2030_15,-70.734213556868,30.9753596270749,-107.015461694101,52.3392604688485,33.2058534677848,-49.5880205500965,2.94,60,1.5,41.8251288016701,7.11e-08,37.717998875,43.68300016,47.433680135,223.2342364,21.033656227374,1.76944568491764,10.4959055032712,0.306064936576326,0.0453158080138897,0.0
WinterNYTaxCapRes_2030_25,-70.734213556868,30.9753596270749,10.4523922687544,82.7466228012297,157.534991847191,71.9987147452397,2.94,60,2.5,41.8251288016701,7.11e-08,37.717998875,43.68300016,47.433680135,223.2342364,21.033656227374,1.76944568491764,10.4959055032712,0.306064936576326,0.0453158080138897,0.0
WinterNYTaxCapRes_2030_30,-70.734213556868,30.9753596270749,86.5069632547091,125.809636869576,233.564719477167,148.565351749901,2.94,60,3.0,41.8251288016701,7.11e-08,37.717998875,43.68300016,47.433680135,223.2342364,21.033656227374,1.76944568491764,10.4959055032712,0.306064936576326,0.0453158080138897,0.0
HighWindTax_2030_10,-36.9098018653807,56.4357337797427,-85.2060624209351,83.9528966300022,69.4370718808001,-56.0008943957846,2.94,60,1.0,45.0606318294166,-1.61e-07,36.58899998,43.4000026,48.710998625,1800.000003,89.5045932546518,15.1289995604119,263.43509746681,0.862820788580344,0.0913238374218846,0.0
HighWindTax_2030_15,-36.9098018653807,56.4357337797427,-65.9533686612834,102.05817188058,88.4037071494808,-30.9206893303214,2.94,60,1.5,45.0606318294166,-1.61e-07,36.58899998,43.4000026,48.710998625,1800.000003,89.5045932546518,15.1289995604119,263.43509746681,0.862820788580344,0.0913238374218846,0.0
HighWindTax_2030_25,-36.9098018653807,56.4357337797427,45.5316704398667,144.562938420974,198.496517823183,86.1104382754556,2.94,60,2.5,45.0606318294166,-1.61e-07,36.58899998,43.4000026,48.710998625,1800.000003,89.5045932546518,15.1289995604119,263.43509746681,0.862820788580344,0.0913238374218846,0.0
HighWindTax_2030_30,-36.9098018653807,56.4357337797427,118.898885036523,187.768102637269,271.661517169636,159.624606482928,2.94,60,3.0,45.0606318294166,-1.61e-07,36.58899998,43.4000026,48.710998625,1800.000003,89.5045932546518,15.1289995604119,263.43509746681,0.862820788580344,0.0913238374218846,0.0
HighWindTax_2030_20,-37.9643598653807,56.4357337797427,-21.7514079619481,120.621505714702,131.546940303643,17.0025633876315,2.94,60,2.0,45.06063183,-1.61e-07,36.58899998,43.4000026,48.71099863,1800.000003,89.50459325,15.12899956,263.4350975,0.862820789,0.091323837,0.0
HighSolarTax_2030_10,-37.8665845206156,56.6677007756543,-86.3712250344471,80.349212804823,67.3274917097173,-56.6710115418416,2.94,60,1.0,45.4337891778807,-6.02e-07,34.153745615,40.09999998,47.7310001525,1800.0,85.8701981239629,13.8727106770184,229.218429092095,0.833057247342801,0.0653255062718618,0.0
HighSolarTax_2030_15,-37.8665845206156,56.6677007756543,-66.5563081482503,97.9844001168525,86.6890846895204,-34.7147443419114,2.94,60,1.5,45.4337891778807,-6.02e-07,34.153745615,40.09999998,47.7310001525,1800.0,85.8701981239629,13.8727106770184,229.218429092095,0.833057247342801,0.0653255062718618,0.0
HighSolarTax_2030_25,-37.8665845206156,56.6677007756543,46.9766633756976,143.981866602428,198.999780287111,83.5893263997636,2.94,60,2.5,45.4337891778807,-6.02e-07,34.153745615,40.09999998,47.7310001525,1800.0,85.8701981239629,13.8727106770184,229.218429092095,0.833057247342801,0.0653255062718618,0.0
HighSolarTax_2030_30,-37.8665845206156,56.6677007756543,120.24730391547,192.610373284548,272.067555893667,155.787725388117,2.94,60,3.0,45.4337891778807,-6.02e-07,34.153745615,40.09999998,47.7310001525,1800.0,85.8701981239629,13.8727106770184,229.218429092095,0.833057247342801,0.0653255062718618,0.0
HighSolarTax_2030_20,-38.9670765206156,56.6677007756543,-18.0364697546447,116.618523011042,134.359017611452,16.4965593127787,2.94,60,2.0,45.43378918,-6.02e-07,34.15374562,40.09999998,47.73100015,1800.0,85.87019812,13.87271068,229.2184291,0.833057247,0.065325506,0.0
BaseCaseTax_2030_10,-34.4167604254076,65.8521454237135,-83.0942091649323,79.5794534557992,70.1399750768905,-64.6089328178467,2.94,60,1.0,47.6870537091355,-1.02e-07,37.3420002475,43.40000132,47.2800000325,1800.000025,82.4752956620571,15.4157035764127,277.577359861615,0.850542761880672,0.058925709405332,0.0
BaseCaseTax_2030_15,-34.4167604254076,65.8521454237135,-69.6142788324259,91.6871023369459,83.2269557676994,-49.0652379097339,2.94,60,1.5,47.6870537091355,-1.02e-07,37.3420002475,43.40000132,47.2800000325,1800.000025,82.4752956620571,15.4157035764127,277.577359861615,0.850542761880672,0.058925709405332,0.0
BaseCaseTax_2030_25,-34.4167604254076,65.8521454237135,42.3870871060104,124.252678725239,193.701013522171,65.9149501808566,2.94,60,2.5,47.6870537091355,-1.02e-07,37.3420002475,43.40000132,47.2800000325,1800.000025,82.4752956620571,15.4157035764127,277.577359861615,0.850542761880672,0.058925709405332,0.0
BaseCaseTax_2030_30,-34.4167604254076,65.8521454237135,116.237812121451,168.536861450553,267.425939366946,139.094043586435,2.94,60,3.0,47.6870537091355,-1.02e-07,37.3420002475,43.40000132,47.2800000325,1800.000025,82.4752956620571,15.4157035764127,277.577359861615,0.850542761880672,0.058925709405332,0.0
BaseCaseTax_2030_20,-35.5020584254076,65.8521454237135,-24.8530273176844,104.1065698111,126.829054791162,-3.07108003772108,2.94,60,2.0,47.68705371,-1.02e-07,37.34200025,43.40000132,47.28000003,1800.000025,82.47529566,15.41570358,277.5773599,0.850542762,0.058925709,0.0
WinterNYTax_2030_10,-38.1019338232391,65.1672275689318,-86.9358546968749,72.9662429627927,65.0976150269499,-65.9952983829794,2.94,60,1.0,48.0039699561343,1.36e-08,44.03599916,46.22400126,51.96499927,1800.000005,44.4710803006188,22.4425145512832,734.262582796448,0.684512909818324,0.0355122744616249,0.0
WinterNYTax_2030_15,-38.1019338232391,65.1672275689318,-76.588847389976,82.3271481363895,75.328959074492,-56.5845159281395,2.94,60,1.5,48.0039699561343,1.36e-08,44.03599916,46.22400126,51.96499927,1800.000005,44.4710803006188,22.4425145512832,734.262582796448,0.684512909818324,0.0355122744616249,0.0
WinterNYTax_2030_25,-38.1019338232391,65.1672275689318,19.7390225364038,104.675939824588,169.653430281729,43.801385679764,2.94,60,2.5,48.0039699561343,1.36e-08,44.03599916,46.22400126,51.96499927,1800.000005,44.4710803006188,22.4425145512832,734.262582796448,0.684512909818324,0.0355122744616249,0.0
WinterNYTax_2030_30,-38.1019338232391,65.1672275689318,93.8405488342528,130.788583668422,243.612695319956,118.189488965314,2.94,60,3.0,48.0039699561343,1.36e-08,44.03599916,46.22400126,51.96499927,1800.000005,44.4710803006188,22.4425145512832,734.262582796448,0.684512909818324,0.0355122744616249,0.0
WinterNYTax_2030_20,-39.0610218232391,65.1672275689318,-46.4935559263788,91.920106651579,103.961324926029,-23.8114636955526,2.94,60,2.0,48.00396996,1.36e-08,44.03599916,46.22400126,51.96499927,1800.000005,44.4710803,22.44251455,734.2625828,0.68451291,0.035512274,0.0
MiNg_$100_ERCOT_2035_20,-56.5216449345106,16.2916618758603,-8.07090838217914,161.875720858707,144.866443197192,83.9082826238362,2.64,100,2.0,33.66061126,0.0,0.0,30.385,70.13,186.42,35.29746933,0.482471217,-0.945428853,0.599716589,0.07461005,0.0
MiNg_$100_ERCOT_2035_10,-55.7335471127722,18.5091321857895,-96.8943002790108,85.7288772177425,55.9668567919051,-4.24297738271307,2.64,100,1.0,33.6606112637362,0.0,0.0,30.385,70.13,186.42,35.2974693255672,0.482471216599376,-0.945428853040299,0.599716588518741,0.0746100495276719,0.0
MiNg_$100_ERCOT_2035_15,-55.7335471127722,18.5091321857895,-56.4370493417336,122.550941636352,96.1808882555632,37.0988729286595,2.64,100,1.5,33.6606112637362,0.0,0.0,30.385,70.13,186.42,35.2974693255672,0.482471216599376,-0.945428853040299,0.599716588518741,0.0746100495276719,0.0
MiNg_$100_ERCOT_2035_25,-55.7335471127722,18.5091321857895,44.0849221143284,205.777847003718,196.41273561109,139.570025943148,2.64,100,2.5,33.6606112637362,0.0,0.0,30.385,70.13,186.42,35.2974693255672,0.482471216599376,-0.945428853040299,0.599716588518741,0.0746100495276719,0.0
MiNg_$100_ERCOT_2035_30,-55.7335471127722,18.5091321857895,103.63992531388,254.0462476747,255.444816227406,201.462077767246,2.64,100,3.0,33.6606112637362,0.0,0.0,30.385,70.13,186.42,35.2974693255672,0.482471216599376,-0.945428853040299,0.599716588518741,0.0746100495276719,0.0
MiNg_$100_MISO-W_2035_20,-27.5123795898395,42.9089469830027,28.9138088497058,187.660069106161,169.827187892024,77.9140764109051,1.69,100,2.0,35.12351419,0.0,0.0,42.12,69.24,145.07,34.44692668,0.142891078,-1.714727084,0.793294769,0.10022202,0.0
MiNg_$100_MISO-W_2035_10,-27.1757132074016,44.0481132241451,-49.5991964891507,111.074463210638,91.0814782067819,1.55975064656902,1.69,100,1.0,35.1235141941391,0.0,0.0,42.12,69.24,145.07,34.4469266761297,0.142891077749719,-1.71472708423362,0.793294768509971,0.100222019866608,0.0
MiNg_$100_MISO-W_2035_15,-27.1757132074016,44.0481132241451,-11.5073346816005,149.106589865895,129.163680416483,40.0939945731208,1.69,100,1.5,35.1235141941391,0.0,0.0,42.12,69.24,145.07,34.4469266761297,0.142891077749719,-1.71472708423362,0.793294768509971,0.100222019866608,0.0
MiNg_$100_MISO-W_2035_25,-27.1757132074016,44.0481132241451,76.4766669178307,225.28295490518,216.655394681482,126.799177991952,1.69,100,2.5,35.1235141941391,0.0,0.0,42.12,69.24,145.07,34.4469266761297,0.142891077749719,-1.71472708423362,0.793294768509971,0.100222019866608,0.0
MiNg_$100_MISO-W_2035_30,-27.1757132074016,44.0481132241451,136.78228954003,264.532942594476,276.224613485998,188.003843128967,1.69,100,3.0,35.1235141941391,0.0,0.0,42.12,69.24,145.07,34.4469266761297,0.142891077749719,-1.71472708423362,0.793294768509971,0.100222019866608,0.0
MiNg_$100_NYISO_2035_20,-8.99006260744883,56.0443796425344,73.1249136094424,224.003386763233,207.820510566549,92.8863442572089,1.12,100,2.0,35.21884386,0.0,0.0,1.41,74.6625,182.14,40.05829425,0.487903694,-1.195248043,0.685603037,0.114545578,0.0
MiNg_$100_NYISO_2035_10,-8.56581229893528,56.6448683969384,-14.3184991555137,136.496688235552,120.027589864093,8.1999707162903,1.12,100,1.0,35.2188438644688,0.0,0.0,1.41,74.6625,182.14,40.0582942454804,0.487903694165621,-1.19524804256498,0.685603037175148,0.114545578087244,0.0
MiNg_$100_NYISO_2035_15,-8.56581229893528,56.6448683969384,29.1570427960707,179.939688235552,163.501219738498,51.0017984113307,1.12,100,1.5,35.2188438644688,0.0,0.0,1.41,74.6625,182.14,40.0582942454804,0.487903694165621,-1.19524804256498,0.685603037175148,0.114545578087244,0.0
MiNg_$100_NYISO_2035_25,-8.56581229893528,56.6448683969384,118.637716032669,266.871958258805,252.829337955054,143.154159085354,1.12,100,2.5,35.2188438644688,0.0,0.0,1.41,74.6625,182.14,40.0582942454804,0.487903694165621,-1.19524804256498,0.685603037175148,0.114545578087244,0.0
MiNg_$100_NYISO_2035_30,-8.56581229893528,56.6448683969384,171.738877687291,310.457149253736,305.367725715176,197.903249793981,1.12,100,3.0,35.2188438644688,0.0,0.0,1.41,74.6625,182.14,40.0582942454804,0.487903694165621,-1.19524804256498,0.685603037175148,0.114545578087244,0.0
MiNg_$100_PJM-W_2035_10,32.0509853948735,111.552739649079,4.58364521776213,147.632019604339,144.603578942071,-34.3506486952675,1.42,100,1.0,48.0116861263736,0.0,8.06,63.575,76.9025,172.29,33.4736207933686,-0.325040877607245,-1.42697176473392,0.702420734346158,0.116823123613391,0.0
MiNg_$100_PJM-W_2035_15,32.0509853948735,111.552739649079,32.680213748473,173.889683329112,172.661161941628,-5.89911070637649,1.42,100,1.5,48.0116861263736,0.0,8.06,63.575,76.9025,172.29,33.4736207933686,-0.325040877607245,-1.42697176473392,0.702420734346158,0.116823123613391,0.0
MiNg_$100_PJM-W_2035_25,32.0509853948735,111.552739649079,99.928423699901,229.831130222162,239.575203998945,62.4130157875238,1.42,100,2.5,48.0116861263736,0.0,8.06,63.575,76.9025,172.29,33.4736207933686,-0.325040877607245,-1.42697176473392,0.702420734346158,0.116823123613391,0.0
MiNg_$100_PJM-W_2035_30,32.0509853948735,111.552739649079,145.816471259494,259.85308164803,284.664094661764,111.7117061167,1.42,100,3.0,48.0116861263736,0.0,8.06,63.575,76.9025,172.29,33.4736207933686,-0.325040877607245,-1.42697176473392,0.702420734346158,0.116823123613391,0.0
MiNg_$100_PJM-W_2035_20,31.7013303547495,111.859203219544,64.0545668244134,201.901998342639,204.299935935069,22.4780967809428,1.42,100,2.0,48.01168613,0.0,8.06,63.575,76.9025,172.29,33.47362079,-0.325040878,-1.426971765,0.702420734,0.116823124,0.0
MiNg_$100_CAISO_2035_20,51.3644479658892,129.691078142865,77.7463322441123,246.815013819624,234.112859116659,36.9206126151564,2.26,100,2.0,52.97257669,0.0,1.17,73.585,91.23,178.28,43.71907064,-0.199731517,-1.568262256,0.725792605,0.156735096,0.0
MiNg_$100_CAISO_2035_10,51.8661894509141,130.843830120556,15.4175290877469,184.472860904158,171.382133954431,-25.289057027283,2.26,100,1.0,52.9725766941391,0.0,1.17,73.585,91.23,178.28,43.719070644718,-0.199731516553779,-1.56826225600912,0.725792605355894,0.156735096092904,0.0
MiNg_$100_CAISO_2035_15,51.8661894509141,130.843830120556,46.3073228379715,215.278244496643,202.270059947494,8.12958959464056,2.26,100,1.5,52.9725766941391,0.0,1.17,73.585,91.23,178.28,43.719070644718,-0.199731516553779,-1.56826225600912,0.725792605355894,0.156735096092904,0.0
MiNg_$100_CAISO_2035_25,51.8661894509141,130.843830120556,110.233046630402,277.070989875344,266.076761357141,74.2305977552771,2.26,100,2.5,52.9725766941391,0.0,1.17,73.585,91.23,178.28,43.719070644718,-0.199731516553779,-1.56826225600912,0.725792605355894,0.156735096092904,0.0
MiNg_$100_CAISO_2035_30,51.8661894509141,130.843830120556,147.390203868499,308.18356248053,302.869885831762,113.64971433148,2.26,100,3.0,52.9725766941391,0.0,1.17,73.585,91.23,178.28,43.719070644718,-0.199731516553779,-1.56826225600912,0.725792605355894,0.156735096092904,0.0
MiNg_$150_MISO-W_2035_20,-53.4895631408948,8.90302157827274,32.565959800473,209.237655965482,177.710829140123,133.007581603245,2.01,150,2.0,28.1322516,0.0,0.0,0.25,70.01,162.06,40.38926288,0.919725797,-0.924047432,0.8887388,0.061314676,0.0
MiNg_$150_MISO-W_2035_10,-53.1063183925636,10.3866997383322,-73.9026637647549,102.446402113536,70.8606887503713,30.3264601183036,2.01,150,1.0,28.1322516025641,0.0,0.0,0.25,70.01,162.06,40.3892628804032,0.919725796569684,-0.924047432001729,0.888738800461851,0.0613146764635518,0.0
MiNg_$150_MISO-W_2035_15,-53.1063183925636,10.3866997383322,-20.7936637647492,155.555402113533,123.96968875037,83.5662564826403,2.01,150,1.5,28.1322516025641,0.0,0.0,0.25,70.01,162.06,40.3892628804032,0.919725796569684,-0.924047432001729,0.888738800461851,0.0613146764635518,0.0
MiNg_$150_MISO-W_2035_25,-53.1063183925636,10.3866997383322,87.3191305045784,261.773402113506,231.95600675965,191.159595530785,2.01,150,2.5,28.1322516025641,0.0,0.0,0.25,70.01,162.06,40.3892628804032,0.919725796569684,-0.924047432001729,0.888738800461851,0.0613146764635518,0.0
MiNg_$150_MISO-W_2035_30,-53.1063183925636,10.3866997383322,146.24600919342,314.958447959552,290.670074848379,250.319676499387,2.01,150,3.0,28.1322516025641,0.0,0.0,0.25,70.01,162.06,40.3892628804032,0.919725796569684,-0.924047432001729,0.888738800461851,0.0613146764635518,0.0
MiNg_$150_NYISO_2035_10,-8.28220753646797,52.4212815904632,-5.3878398754579,149.589288011638,130.024937051738,26.0357980556584,1.14,150,1.0,33.6723946886446,0.0,0.0,0.27,92.62,229.17,48.6041761272438,0.901800383187077,-0.822167339675661,0.832197207278163,0.0861543641881233,0.0
MiNg_$150_NYISO_2035_15,-8.28220753646797,52.4212815904632,47.3170262330448,202.2812067887,182.729571710352,79.9326791353254,1.14,150,1.5,33.6723946886446,0.0,0.0,0.27,92.62,229.17,48.6041761272438,0.901800383187077,-0.822167339675661,0.832197207278163,0.0861543641881233,0.0
MiNg_$150_NYISO_2035_25,-8.28220753646797,52.4212815904632,152.837992907619,307.689377258243,288.241770467759,186.54043133034,1.14,150,2.5,33.6723946886446,0.0,0.0,0.27,92.62,229.17,48.6041761272438,0.901800383187077,-0.822167339675661,0.832197207278163,0.0861543641881233,0.0
MiNg_$150_NYISO_2035_30,-8.28220753646797,52.4212815904632,206.168063711582,360.402377258242,341.507972242088,240.278051719216,1.14,150,3.0,33.6723946886446,0.0,0.0,0.27,92.62,229.17,48.6041761272438,0.901800383187077,-0.822167339675661,0.832197207278163,0.0861543641881233,0.0
MiNg_$150_NYISO_2035_20,-8.63187651321651,50.8010475426348,100.304868054096,255.685715598549,236.089391962302,127.939968851113,1.14,150,2.0,33.67239469,0.0,0.0,0.27,92.62,229.17,48.60417613,0.901800383,-0.82216734,0.832197207,0.086154364,0.0
MiNg_$150_ERCOT_2035_10,-23.2813037956605,45.5965018562673,-62.3532064343779,128.846351813882,95.5779427765654,16.750400774855,2.64,150,1.0,36.1843326465201,0.0,0.0,0.18,92.95,204.49,46.6015817463091,0.660464621664091,-1.31376467785215,0.851207558059789,0.0959420413196396,0.0
MiNg_$150_ERCOT_2035_15,-23.2813037956605,45.5965018562673,-13.9734201646384,175.744063539328,143.882578575469,63.7088425775081,2.64,150,1.5,36.1843326465201,0.0,0.0,0.18,92.95,204.49,46.6015817463091,0.660464621664091,-1.31376467785215,0.851207558059789,0.0959420413196396,0.0
MiNg_$150_ERCOT_2035_25,-23.2813037956605,45.5965018562673,87.6009158480086,273.211257414314,245.401650769138,163.677867582653,2.64,150,2.5,36.1843326465201,0.0,0.0,0.18,92.95,204.49,46.6015817463091,0.660464621664091,-1.31376467785215,0.851207558059789,0.0959420413196396,0.0
MiNg_$150_ERCOT_2035_30,-23.2813037956605,45.5965018562673,139.764300743295,323.597769836099,297.519620109221,218.418468087598,2.64,150,3.0,36.1843326465201,0.0,0.0,0.18,92.95,204.49,46.6015817463091,0.660464621664091,-1.31376467785215,0.851207558059789,0.0959420413196396,0.0
MiNg_$150_ERCOT_2035_20,-23.7151568280662,41.9412343476307,36.571698992103,224.160931741223,194.833075989842,107.890222778457,2.64,150,2.0,36.18433265,0.0,0.0,0.18,92.95,204.49,46.60158175,0.660464622,-1.313764678,0.851207558,0.095942041,0.0
MiNg_$150_CAISO_2035_20,31.020036632536,100.404802671882,92.8574286587122,272.324721846781,249.409337363151,94.8751259933981,2.26,150,2.0,45.34645604,0.0,0.0,1.53,105.405,203.01,53.73638702,0.443520376,-1.643399563,0.881469471,0.116924297,0.0
MiNg_$150_CAISO_2035_10,31.380780230803,101.135101020726,0.889187122804111,180.074327568463,157.017237931419,5.26374560253674,2.26,150,1.0,45.346456043956,0.0,0.0,1.53,105.405,203.01,53.7363870235791,0.443520375643489,-1.64339956343348,0.881469471383461,0.116924296739357,0.0
MiNg_$150_CAISO_2035_15,31.380780230803,101.135101020726,46.6700731983364,225.821327568462,202.794176288774,51.5560799597172,2.26,150,1.5,45.346456043956,0.0,0.0,1.53,105.405,203.01,53.7363870235791,0.443520375643489,-1.64339956343348,0.881469471383461,0.116924296739357,0.0
MiNg_$150_CAISO_2035_25,31.380780230803,101.135101020726,138.560803805464,317.403707880428,294.681054790058,146.810878321876,2.26,150,2.5,45.346456043956,0.0,0.0,1.53,105.405,203.01,53.7363870235791,0.443520375643489,-1.64339956343348,0.881469471383461,0.116924296739357,0.0
MiNg_$150_CAISO_2035_30,31.380780230803,101.135101020726,184.831066596822,363.338618746409,340.914703859564,194.900279552023,2.26,150,3.0,45.346456043956,0.0,0.0,1.53,105.405,203.01,53.7363870235791,0.443520375643489,-1.64339956343348,0.881469471383461,0.116924296739357,0.0
MiNg_$150_PJM-W_2035_20,52.3101558427843,126.338812847436,110.1862828636,254.401255277041,253.761297053224,57.6126966455134,1.43,150,2.0,49.81408539,0.0,0.15,47.84,98.48,181.06,45.76139962,0.106800672,-1.756959421,0.812981114,0.109772812,0.0
MiNg_$150_PJM-W_2035_10,52.5633863473246,126.746714113608,33.0294367451765,180.372243239087,176.271513941105,-13.8271358301591,1.43,150,1.0,49.8140853937729,0.0,0.15,47.84,98.48,181.06,45.7613996182341,0.106800672414596,-1.7569594212744,0.812981114216454,0.109772812478349,0.0
MiNg_$150_PJM-W_2035_15,52.5633863473246,126.746714113608,70.871192515154,216.348058049105,214.087210864292,24.674789610201,1.43,150,1.5,49.8140853937729,0.0,0.15,47.84,98.48,181.06,45.7613996182341,0.106800672414596,-1.7569594212744,0.812981114216454,0.109772812478349,0.0
MiNg_$150_PJM-W_2035_25,52.5633863473246,126.746714113608,150.813247229577,291.768610952171,293.89954195617,104.189854644271,1.43,150,2.5,49.8140853937729,0.0,0.15,47.84,98.48,181.06,45.7613996182341,0.106800672414596,-1.7569594212744,0.812981114216454,0.109772812478349,0.0
MiNg_$150_PJM-W_2035_30,52.5633863473246,126.746714113608,194.542567782171,330.455466209902,337.499601502604,146.463687036634,1.43,150,3.0,49.8140853937729,0.0,0.15,47.84,98.48,181.06,45.7613996182341,0.106800672414596,-1.7569594212744,0.812981114216454,0.109772812478349,0.0
NETL_ERCOT_GEN_0_20,-167.035695959545,-76.3719212799718,-134.39360803495,-4.89270821864884,17.8149071129057,51.5725944160884,4.42,0,2.0,31.13969033,0.126198435,27.87045202,30.13944616,34.36572552,193.1370069,8.657302713,1.346379767,27.21281874,0.093094352,0.010027232,5.53e-06
NETL_ERCOT_GEN_0_10,-166.350017959545,-76.3719212799717,-218.010942411582,-76.8023026190153,-96.9426638448495,-64.2240759318337,4.42,0,1.0,31.1396903343214,0.126198435,27.8704520175,30.139446155,34.3657255175,193.1370069,8.65730271298415,1.3463797671633,27.2128187414144,0.0930943524405671,0.0100272323012139,5.53e-06
NETL_ERCOT_GEN_0_15,-166.350017959545,-76.3719212799717,-207.965735916378,-59.8926088767615,-55.4713675373927,-22.2355718750276,4.42,0,1.5,31.1396903343214,0.126198435,27.8704520175,30.139446155,34.3657255175,193.1370069,8.65730271298415,1.3463797671633,27.2128187414144,0.0930943524405671,0.0100272323012139,5.53e-06
NETL_ERCOT_GEN_0_25,-166.350017959545,-76.3719212799717,-56.2346735138397,65.0502437019845,95.9418808240923,129.818635660577,4.42,0,2.5,31.1396903343214,0.126198435,27.8704520175,30.139446155,34.3657255175,193.1370069,8.65730271298415,1.3463797671633,27.2128187414144,0.0930943524405671,0.0100272323012139,5.53e-06
NETL_ERCOT_GEN_0_30,-166.350017959545,-76.3719212799717,22.4652368946305,141.131916256679,174.630488767328,208.528998720022,4.42,0,3.0,31.1396903343214,0.126198435,27.8704520175,30.139446155,34.3657255175,193.1370069,8.65730271298415,1.3463797671633,27.2128187414144,0.0930943524405671,0.0100272323012139,5.53e-06
NETL_ERCOT_GEN_25_10,-139.083158409006,-23.6706889556956,-193.031996099842,-26.8815951521563,-41.0352578546754,-66.1543782942627,4.42,25,1.0,40.7020044397514,0.12631382,34.7531778725,40.66943741,45.850938265,345.5538373,11.9193673451444,4.10279790411759,88.4141186176489,0.195076541942312,0.0125111860034841,0.0
NETL_ERCOT_GEN_25_15,-139.083158409006,-23.6706889556956,-186.772935980787,-20.6019856434462,-27.0324110383092,-54.3131026872001,4.42,25,1.5,40.7020044397514,0.12631382,34.7531778725,40.66943741,45.850938265,345.5538373,11.9193673451444,4.10279790411759,88.4141186176489,0.195076541942312,0.0125111860034841,0.0
NETL_ERCOT_GEN_25_25,-139.083158409006,-23.6706889556956,-59.5394060431564,35.4611537995887,96.7436433667365,70.7119233180528,4.42,25,2.5,40.7020044397514,0.12631382,34.7531778725,40.66943741,45.850938265,345.5538373,11.9193673451444,4.10279790411759,88.4141186176489,0.195076541942312,0.0125111860034841,0.0
NETL_ERCOT_GEN_25_30,-139.083158409006,-23.6706889556956,18.3799123493705,97.1005138089367,174.581263524329,148.670288106948,4.42,25,3.0,40.7020044397514,0.12631382,34.7531778725,40.66943741,45.850938265,345.5538373,11.9193673451444,4.10279790411759,88.4141186176489,0.195076541942312,0.0125111860034841,0.0
NETL_ERCOT_GEN_25_20,-139.818020409006,-23.6706889556956,-132.865993727387,-3.07568462617033,23.7218041157105,-3.02488805218072,4.42,25,2.0,40.70200444,0.12631382,34.75317787,40.66943741,45.85093827,345.5538373,11.91936735,4.102797904,88.41411862,0.195076542,0.012511186,0.0
NETL_ERCOT_GEN_50_20,-98.8081855407936,20.3876062570247,-118.652292034391,35.2703247352375,42.8781228835227,-34.2537499246746,4.42,50,2.0,48.45455269,0.12631382,41.41961172,50.32260673,54.47814482,841.2453115,17.64895589,12.84091669,513.1168562,0.321417154,0.023308461,0.0
NETL_ERCOT_GEN_50_10,-98.0919435407937,20.3876062570247,-151.556493892929,17.0759875805056,7.12840520077837,-66.223425940726,4.42,50,1.0,48.4545526928881,0.12631382,41.419611715,50.32260673,54.4781448175,841.2453115,17.648955894002,12.8409166872922,513.11685622305,0.321417153927409,0.0233084611813707,0.0
NETL_ERCOT_GEN_50_15,-98.0919435407937,20.3876062570247,-145.134991458003,22.4470221574002,17.4747553017107,-59.1166794071991,4.42,50,1.5,48.4545526928881,0.12631382,41.419611715,50.32260673,54.4781448175,841.2453115,17.648955894002,12.8409166872922,513.11685622305,0.321417153927409,0.0233084611813707,0.0
NETL_ERCOT_GEN_50_25,-98.0919435407937,20.3876062570247,-57.6620286191487,53.5355111288822,102.755861971583,27.2747082614284,4.42,50,2.5,48.4545526928881,0.12631382,41.419611715,50.32260673,54.4781448175,841.2453115,17.648955894002,12.8409166872922,513.11685622305,0.321417153927409,0.0233084611813707,0.0
NETL_ERCOT_GEN_50_30,-98.0919435407937,20.3876062570247,16.7730544514574,85.6934413850212,176.874346946991,101.681104593063,4.42,50,3.0,48.4545526928881,0.12631382,41.419611715,50.32260673,54.4781448175,841.2453115,17.648955894002,12.8409166872922,513.11685622305,0.321417153927409,0.0233084611813707,0.0
NETL_ERCOT_GEN_100_20,-10.2261228237482,110.845153735569,-44.6842818189039,121.473631351133,126.420043267571,-50.6736968552559,4.42,100,2.0,64.34097498,0.12631382,52.69122853,67.53422322,75.22030767,1167.406372,27.19991149,11.41908212,386.9072781,0.336990607,0.022238921,0.0
NETL_ERCOT_GEN_100_10,-9.80191082374828,110.845153735569,-62.0561530383241,107.532702748354,106.209780302364,-66.2609750138966,4.42,100,1.0,64.3409749808901,0.12631382,52.6912285275,67.53422322,75.220307665,1167.406372,27.1999114947128,11.4190821236273,386.907278051569,0.336990606709701,0.0222389206859117,0.0
NETL_ERCOT_GEN_100_15,-9.80191082374828,110.845153735569,-57.3836013979411,112.35276976859,114.00035931883,-61.1427419086582,4.42,100,1.5,64.3409749808901,0.12631382,52.6912285275,67.53422322,75.220307665,1167.406372,27.1999114947128,11.4190821236273,386.907278051569,0.336990606709701,0.0222389206859117,0.0
NETL_ERCOT_GEN_100_25,-9.80191082374828,110.845153735569,-18.3571666855245,132.01028797035,151.926507448988,-25.4186244364317,4.42,100,2.5,64.3409749808901,0.12631382,52.6912285275,67.53422322,75.220307665,1167.406372,27.1999114947128,11.4190821236273,386.907278051569,0.336990606709701,0.0222389206859117,0.0
NETL_ERCOT_GEN_100_30,-9.80191082374828,110.845153735569,27.2955933791304,146.230269670593,196.176683341547,19.7885654682441,4.42,100,3.0,64.3409749808901,0.12631382,52.6912285275,67.53422322,75.220307665,1167.406372,27.1999114947128,11.4190821236273,386.907278051569,0.336990606709701,0.0222389206859117,0.0
NETL_ERCOT_GEN_250_10,257.292501756468,377.951042471356,203.672042277494,374.471347368552,398.711863602215,-66.3713729349112,4.42,250,1.0,111.264783187027,0.12631382,80.8868310224999,125.2687055,140.14476285,1289.150704,56.1503411550762,4.5679445545396,90.9332246256622,0.232781087743954,0.0387437324557616,0.0
NETL_ERCOT_GEN_250_15,257.292501756468,377.951042471356,209.695276273467,379.155335328984,406.526305284473,-61.7878085171122,4.42,250,1.5,111.264783187027,0.12631382,80.8868310224999,125.2687055,140.14476285,1289.150704,56.1503411550762,4.5679445545396,90.9332246256622,0.232781087743954,0.0387437324557616,0.0
NETL_ERCOT_GEN_250_25,257.292501756468,377.951042471356,238.78153432372,398.715640499951,435.271773751159,-38.1327401268979,4.42,250,2.5,111.264783187027,0.12631382,80.8868310224999,125.2687055,140.14476285,1289.150704,56.1503411550762,4.5679445545396,90.9332246256622,0.232781087743954,0.0387437324557616,0.0
NETL_ERCOT_GEN_250_30,257.292501756468,377.951042471356,257.534559376116,411.599472039885,453.997310539012,-21.9235880033154,4.42,250,3.0,111.264783187027,0.12631382,80.8868310224999,125.2687055,140.14476285,1289.150704,56.1503411550762,4.5679445545396,90.9332246256622,0.232781087743954,0.0387437324557616,0.0
NETL_ERCOT_GEN_250_20,256.862141756468,377.951042471356,221.549985136042,388.339239359677,418.215652670134,-56.1282139333355,4.42,250,2.0,111.2647832,0.12631382,80.88683102,125.2687055,140.1447629,1289.150704,56.15034116,4.567944555,90.93322463,0.232781088,0.038743732,0.0
