,status,overall_efficiency,primary_air,fg_o2_dry_pct,fheat_ww,fheat_platen,coal_moisture_pct,coal_hhv,gross_power,net_power,Raw_coal_mass_flow_rate,Moisture_mass_fraction_in_coal,G005_F,G005_T,G006_F,G006_T,G006_P,G009_T,O2_avg,B001_F,B001_T,B001_P,B022_P,B022_T,1JT66801S_data,1JT66801S_model,1FWS-FWFLW-A_data,1FWS-FWFLW-A_model,1FWS-STMFLW-A_data,1FWS-STMFLW-A_model,1LDC-GROSS-MW_data,1LDC-GROSS-MW_model,1TCMVACPT2_data,1TCMVACPT2_model,S11_data,S11_model,C19_data,C19_model,C105_data,C105_model,C205_data,C205_model,C305_data,C305_model,C411_data,C411_model,C51_data,C51_model,CW213A_data,CW213A_model,CW216A_data,CW216A_model,CW313_data,CW313_model,CW316_data,CW316_model,CW317-COND_data,CW317-COND_model,D207_data,D207_model,D607_data,D607_model,DGS3_data,DGS3_model,FW401_data,FW401_model,FW402_data,FW402_model,FW413_data,FW413_model,FW451_data,FW451_model,FW452_data,FW452_model,FW463_data,FW463_model,FW606_data,FW606_model,FW611_data,FW611_model,PERFTEST-D508_data,PERFTEST-D508_model,PERFTEST-D608_data,PERFTEST-D608_model,PERFTEST-FW503_data,PERFTEST-FW503_model,PERFTEST-FW603_data,PERFTEST-FW603_model,PERFTEST-S501_data,PERFTEST-S501_model,PERFTEST-S633_data,PERFTEST-S633_model,S212_data,S212_model,S302_data,S302_model,S312_data,S312_model,S412_data,S412_model,S422_data,S422_model,S423_data,S423_model,S613_data,S613_model,S614_data,S614_model,S633_data,S633_model,S634_data,S634_model,S831_data,S831_model,S833_data,S833_model,S834_data,S834_model,S839C_data,S839C_model,BA1T_data,BA1T_model,1FUE-TOTPA-FLOW_data,1FUE-TOTPA-FLOW_model,S801_data,S801_model,S804_data,S804_model,S811_data,S811_model,BA2052_data,BA2052_model,BA2552_data,BA2552_model,BA2051_data,BA2051_model,BA2551_data,BA2551_model,BA2054_data,BA2054_model,BA2554_data,BA2554_model,BA2053_data,BA2053_model,BA2553_data,BA2553_model,BF2002_data,BF2002_model,BF2502_data,BF2502_model,BF2001_data,BF2001_model,BF2501_data,BF2501_model,BF2003_data,BF2003_model,BF2503_data,BF2503_model,BA2007_data,BA2007_model,BA2507_data,BA2507_model,BA1003_data,BA1003_model,BA1503_data,BA1503_model,BA2004_data,BA2004_model,BA2504_data,BA2504_model,BA2003_data,BA2003_model,BA2503_data,BA2503_model,BG3502_data,BG3502_model,FW711_data,FW711_model,FW712_data,FW712_model,CWCOND_MOL_data,CWCOND_MOL_model,CWAUXCOND_MOL_data,CWAUXCOND_MOL_model,PAPERFLOW_MOL_data,PAPERFLOW_MOL_model,BG3506_data,BG3506_model
1670,optimal - Optimal Solution Found,32.12296635316837,39.856150418908555,5.04242,1.0027116407640033,0.98,0.17346300364634926,24857900.0,102079708.0721714,90961037.68843383,13.781452758604,0.17346300364634926,2811.804597934675,569.1532141686016,1385.3901947345373,547.684502101001,86331.26907454454,1128.2205681670132,5.04242,4724.6367977217005,528.7499876060117,9961845.866755601,9802749.028709184,582.6826490528733,102337639.0,102079708.0721714,84.68064233400032,85.11565480925981,78.27776746649114,84.84593295636905,102370880.0,102079708.0721714,2388.805956337506,2971.04812086746,2396.5573999352464,2971.04812086746,297.42529222222225,297.0685713216147,331.57571666666666,331.01796099171946,346.77036833333335,347.44342266127046,381.92362555555553,381.1638923142311,411.0868927777778,410.1167823717853,2048981.114059655,2067901.4058267896,287.78473833333334,287.78473833333743,293.05807833333336,297.0773056681292,283.85697333333337,283.85697333333576,292.81813,287.3647637835744,0.2624842976929482,0.26174625297587745,334.9160777777778,333.1876378178952,432.53676611111115,430.6146240436688,13.809764854208403,13.781452758604,409.2876272222222,410.1033198494402,456314.904457801,431750.51698867517,1346270.5120121732,1342736.3609465917,10199834.922873368,10102350.099103646,413.4942722222222,411.65374118711554,0.008624932917669446,0.008625066971581018,474.1493488888889,474.0498558613698,10029481.727996875,10102350.099103646,417.39784333333336,415.58923752404394,433.88621944444446,430.6146240436688,412.5585183333334,411.65374118711554,427.92260999999996,429.9351828530972,518777.07562632626,528545.4679897518,1363355.803321732,1392731.2762500239,66586.8937717474,51968.074767566526,498.8250316666667,499.2420534198421,156975.383037803,147157.86254149902,354812.49391011015,344102.4615552231,351814.13633224356,344102.4615552231,577.2723144444444,585.5042136748764,1518302.7871322716,1486928.9415840919,605.5309138888889,597.5917787766368,1393318.4810910423,1392731.2762500239,771.2006727777778,780.6822867611723,786.9680883333334,788.228362273665,9533963.974309305,9533963.974309305,784.4249566666667,788.228362273665,4765201.976059113,4765201.976059113,126.39361570678751,120.7486757164314,39.856150418908555,39.856150418908555,9761207.328458337,9802749.028709184,581.4639038888889,582.6826490528701,684.4748022222223,681.1001353930062,606.4600044444445,603.6224609175048,618.5822644444445,603.6224609175048,78908.35143561383,79770.72802174094,78896.96053577383,79770.72802174094,411.54084222222224,411.5015621277972,418.32250888888893,411.5015621277972,78558.66330229383,78649.31242633009,78556.08133845383,78649.31242633009,335.2909777777778,335.2909777777778,334.75692000000004,335.2909777777778,87280.79072177384,87280.79072177384,87174.47482713383,87280.79072177384,577.4683050000001,578.7575537396867,580.689605,578.7575537396867,367.41835777777777,367.41835777777777,368.0075166666667,367.41835777777777,79763.43161821384,79763.43161821384,79732.81633533383,79763.43161821384,574.2470050000001,569.1532141686016,576.1119683333334,569.1532141686016,79508.79339737384,78813.90997098455,79476.13911953384,78813.90997098455,79199.68758429383,78813.90997098455,531.7296611111111,528.7499876060117,531.58082,528.7499876060117,203370.3829769916,203370.3829769916,14526.608093248367,14526.608093248367,73.99277178466805,0,5.04242,5.04242
1536,optimal - Optimal Solution Found,32.32854191411447,41.00729603517663,4.648743,1.008197141604248,0.98,0.17346300364634926,24857900.0,106784625.98554063,95460305.55363183,14.37116382105912,0.17346300364634926,2847.448820988634,573.4277893738132,1425.40373926223,550.1083237057904,85915.92919607632,1144.4308042519758,4.648743,4926.256031585839,530.1677293038247,10080881.170785762,9921977.250338744,583.5684481690902,107373047.0,106784625.98554063,89.38249201291454,88.74788176070774,80.04604440182631,88.48166252679333,107239143.0,106784625.98554063,2505.0674511376933,3355.414850921465,2613.58088872878,3355.414850921465,298.8475938888889,299.1081147345253,332.40176833333334,332.156797955004,347.67866444444445,348.507283108408,383.08296277777777,382.4399623747605,412.3671733333333,411.70705510631126,2043317.9946396374,2061283.485445487,289.2454711111111,289.245471111116,295.2986705555556,299.11659961494973,284.93571722222225,284.93571722222725,294.2686683333334,288.6573135098864,0.2597406750795915,0.259039755434693,335.5766305555556,334.4253134416182,433.9630222222222,432.3399880102578,14.59402303798927,14.37116382105912,410.74145111111113,411.69371218402136,458331.7931338283,447570.55060427805,1345972.878928185,1354063.8884500868,10322857.663368776,10224591.146649208,414.88217777777777,413.27479551588505,0.024005494197086117,0.024005867304961515,476.26862500000004,476.14179808980776,10152274.70070549,10224591.146649208,419.042995,417.5222982288335,435.08022000000005,432.3399880102578,414.0187166666667,413.27479551588505,429.4812783333333,431.46910318111856,542683.0536502962,552984.4083064884,1423025.6044801245,1457128.5298429478,68708.9964440685,54370.98001326034,504.2678588888889,502.24541557726934,162232.60769365798,153962.1630938594,369664.4766046528,360013.10695868207,366981.7334366384,360013.10695868207,581.7937988888889,588.9576250891396,1579866.0748018152,1554441.645517656,611.2529594444445,600.1781396143784,1457406.7047236743,1457128.5298429478,774.3372016666667,785.0643353920475,793.495458888889,790.6936432778346,9634662.917904196,9634662.917904196,790.8675905555557,790.6936432778346,4980575.495114757,4980575.495114757,132.4290633668892,122.92526642131652,41.00729603517663,41.00729603517662,9887156.4728445,9921977.250338744,582.3463366666667,583.5684481690902,683.4575494444445,682.3591819538854,603.7473305555555,607.3976060994132,617.4802411111111,607.3976060994132,78621.19799938562,79766.13360588861,78603.65602358563,79766.13360588861,411.9477433333334,412.2411049356799,419.1363283333334,412.2411049356799,78264.90316406562,78644.71801047777,78173.24369658562,78644.71801047777,334.99427055555554,334.99427055555554,333.74814444444445,334.99427055555554,86865.45084330562,86865.45084330562,86804.69879686562,86865.45084330562,577.2139922222223,581.5668233181094,581.2830022222223,581.5668233181094,367.15556777777783,367.15556777777783,368.08804944444444,367.15556777777783,79311.99923962563,79311.99923962563,79316.71674834563,79311.99923962563,573.7383788888889,573.4277893738132,576.4510527777778,573.4277893738132,79129.90459746562,78362.47759239632,79124.58862854562,78362.47759239632,78892.03022974562,78362.47759239632,531.5924,530.1677293038247,531.8900816666667,530.1677293038247,199188.12957457645,199188.12957457645,14374.768418226628,14374.768418226628,99.8462619512792,0,4.648743,4.648743
1462,optimal - Optimal Solution Found,32.51410415280327,42.57732462930079,4.976807,1.0042944342443547,0.98,0.17346300364634926,24857900.0,111521567.58793843,100119402.1596942,14.986550878811748,0.17346300364634926,3065.8716943047957,578.0349731419849,1479.977555270325,555.1678883662408,85932.4649318071,1153.301200391813,4.976807,5114.101164561664,534.1252355966047,10217926.476873841,10060004.247697927,584.5837090081513,112316887.00000001,111521567.58793843,92.49033456705394,92.13196442790445,85.21738687927511,91.8469878468762,112329094.0,111521567.58793843,2567.072227142337,3308.4539887276765,2644.583276731102,3308.4539887276765,298.94266000000005,298.8702050947787,333.4163677777778,332.6395502194326,348.6822266666667,349.24783416199705,384.24624222222224,383.46929285911324,413.89278111111116,413.0098651475676,2040493.9800024277,2055430.2562393253,288.66669666666667,288.66669666667644,294.8191588888889,298.8796996137917,284.4049188888889,284.40491888889494,293.74316833333336,288.32116929691784,0.25930748447907764,0.25859279983612726,336.58878000000004,335.12939790576587,436.07877222222226,433.80584493453705,15.404169250300603,14.986550878811748,412.135935,412.99662221933374,469079.3084363745,460960.3788033802,1362401.5018713695,1363225.816689571,10455680.7589795,10364651.779475892,416.3868805555556,414.60953564224076,0.01631496156161667,0.01631521513859348,478.3031133333334,477.9335974716244,10288006.522049267,10364651.779475892,420.59751000000006,419.1336634320382,436.2746777777778,433.80584493453705,415.29689444444443,414.60953564224076,431.1324488888889,432.7362816449466,566261.2365371754,573677.3908488483,1484061.3076304935,1511655.0857043616,70051.11821698383,56405.57217051664,506.87985833333335,505.86187919398895,167467.34396012116,159723.51242890145,383883.7710998437,373484.99662756367,381674.4564413646,373484.99662756367,585.5942544444445,593.1037777628085,1644268.4672541663,1612556.9533885778,614.915068888889,603.9017589985036,1520546.6257471025,1511655.0857043616,780.186403888889,790.2949534074121,797.3101561111112,794.84793746605,9754613.046594592,9754613.046594592,794.5974827777778,794.84793746605,5175222.059157391,5175222.059157391,143.355503558282,130.77908081558604,42.57732462930079,42.57732462930079,10013420.627210774,10060004.247697927,583.0683483333333,584.5837090081513,686.5093072222223,686.2519607818613,610.3594727777778,614.7907719244199,622.5665038888889,614.7907719244199,78612.6735563964,79752.4146024824,78589.4361306764,79752.4146024824,412.4902777777778,414.71745585837937,419.6788627777778,414.71745585837937,78211.0803851564,78630.99900707156,78194.9431111564,78630.99900707156,334.46023,334.46023,333.2140866666667,334.46023,86881.9865790364,86881.9865790364,86978.80997419641,86881.9865790364,581.7916288888889,587.4177575433104,584.8433866666667,587.4177575433104,367.15556777777783,367.15556777777783,367.85493722222225,367.15556777777783,79553.7005865964,79553.7005865964,79358.31266279641,79553.7005865964,578.3160155555556,578.0349731419849,580.5200627777779,578.0349731419849,79226.1773785964,78604.1789393671,79190.8649918764,78604.1789393671,78915.1729163164,78604.1789393671,535.7584727777778,534.1252355966047,534.8660033333333,534.1252355966047,199401.23504812273,199401.23504812273,14350.7944504935,14350.7944504935,103.11751062154438,0,4.976807,4.976807
1368,optimal - Optimal Solution Found,32.89878174173207,41.467229878504995,4.389343500000001,1.0148892919984513,0.98,0.17346300364634926,24857900.0,117023394.8361436,105710638.12270881,15.63846475718848,0.17346300364634926,3136.589002769237,581.1138308630065,1441.39092894504,559.5701093847498,85879.67655470576,1174.4687221306626,4.389343500000001,5339.288143186304,534.8105915484105,10346598.166869998,10188610.38600405,585.5200376359365,117169188.99999999,117023394.8361436,96.04188445347224,96.18877090018137,88.834511858637,95.94436084850534,117468139.99999999,117023394.8361436,2590.3265579355584,2891.656978066005,2350.0521247374436,2891.656978066005,297.04918444444445,296.6187978714695,333.0568194444445,332.68367203813443,348.9194244444445,349.8939753018616,384.74726444444445,384.54107076724057,414.85578,414.3903681297729,2057355.402814567,2048955.2793407647,286.20125333333334,286.20125333332476,292.6565561111111,296.6310692664897,285.79169277777777,285.7916927777741,291.86584166666665,289.8230845899855,0.26469846163690824,0.26401074121564766,336.85330833333336,335.5837969961914,438.40758555555556,435.39025290480623,15.464758607110635,15.63846475718848,413.5304183333334,414.37723360019737,497723.76804117917,475577.96335065446,1374002.6454490162,1372591.7222022912,10594629.552134782,10497284.503680727,417.97301500000003,416.0216400995282,0.07014730403321669,0.07014839430494188,480.5919316666667,479.7566529134289,10420383.7496595,10497284.503680727,422.0612344444445,420.86569410119,437.74535388888887,435.39025290480623,416.5755811111111,416.0216400995282,432.78443333333337,434.05599336900696,591815.8037662893,596280.3471882277,1548054.7604024203,1571214.4729966163,71152.74612490411,58627.95831542194,510.0811694444444,509.3709202910714,174018.61561159085,166016.63751173043,398220.2648436518,388200.34920524666,395221.90726578515,388200.34920524666,588.0387466666667,597.1275875721022,1714153.5452911637,1676387.5966106404,616.2120661111112,605.998803987859,1585381.8318579232,1571214.4729966163,785.5269800000001,795.3734846122385,798.8360350000002,797.2404788240923,9861740.921468696,9861740.921468696,795.7842772222223,797.2404788240923,5395972.031686206,5395972.031686206,138.32670853100396,131.7034452402729,41.467229878504995,41.467229878504995,10152109.35012096,10188610.38600405,583.950781111111,585.5200376359365,687.0179333333333,687.2931677061212,617.1411566666667,618.0204318225533,634.0105955555556,618.0204318225533,78431.69873705505,79749.1316724242,78404.13249069505,79749.1316724242,414.3213322222223,415.14455334852795,423.069705,415.14455334852795,78027.25759201504,78627.71607701335,78005.95663917504,78627.71607701335,332.0272838888889,332.0272838888889,332.2053116666667,332.0272838888889,86829.19820193505,86829.19820193505,86722.88205845504,86829.19820193505,587.3017472222223,592.789814884971,594.1682022222222,592.789814884971,367.2700088888889,367.2700088888889,369.0120538888889,367.2700088888889,79309.60750125504,79309.60750125504,79392.85518137505,79309.60750125504,584.0804472222222,581.1138308630065,590.5230466666667,581.1138308630065,79017.71196025505,78360.08585402575,79025.68554037505,78360.08585402575,78673.36990549504,78360.08585402575,536.2845283333334,534.8105915484105,537.7714972222223,534.8105915484105,203556.85812241357,203556.85812241357,14649.146058950737,14649.146058950737,57.705169278865675,0,4.389343500000001,4.389343500000001
1280,optimal - Optimal Solution Found,32.97768219052586,43.71241307567088,4.0963755,1.0138057446041933,0.98,0.17346300364634926,24857900.0,120424026.74155737,108990286.17289914,16.085068025532536,0.17346300364634926,3108.669416808586,584.250563866608,1519.4329564375066,558.6447189451221,85975.2715769524,1181.468767666381,4.0963755,5502.950950000112,535.1811750007089,10450205.524369074,10292123.094150478,586.2670590740773,121014404.0,120424026.74155737,100.1190510043504,99.13720219051802,92.97592321683587,98.84469786692422,121541573.0,120424026.74155737,2660.086163926583,3083.050194808752,2024.515198352823,3083.050194808752,298.2508138888889,297.6855766635502,334.4048066666667,333.3238122264313,350.38900666666666,350.5395798439605,386.3677227777778,385.34367675899443,416.5484377777778,415.4044518938234,2048467.0775938104,2043383.9686254817,286.935485,286.93548500001395,293.81610555555557,297.69772359344034,283.5573861111111,283.5573861111105,292.3300266666667,287.84250206409416,0.2617623338630723,0.26101879003656847,337.5748794444445,336.360980511688,439.7112794444445,436.5339033786994,16.138452138729438,16.085068025532536,414.5391938888889,415.3913975574545,506825.60207713686,486609.8330670277,1379317.07898772,1379827.7448744993,10718214.487326708,10603883.726632673,418.6185466666667,417.0606417761256,0.0316956488389139,0.03169614147181287,481.8635144444445,481.0295725143131,10534270.408926735,10603883.726632673,423.34251500000005,422.13689914267957,438.0211816666667,436.5339033786994,417.58061,417.0606417761256,433.70255444444444,434.98120447650683,611492.7062223918,613336.1054298478,1598818.0343819591,1616156.846703099,71438.34364193222,60304.92836473325,510.063435,509.20389654365385,178323.077522962,170765.30925118807,412687.5921103958,399304.27261405747,411582.93478115625,399304.27261405747,589.1062172222222,596.956951923908,1766810.5195193298,1723719.3191125204,617.9668266666667,606.4669196626231,1633620.1698743736,1616156.846703099,786.6713894444445,795.2103731938284,800.7010322222222,797.7123486602582,9950379.069160193,9950379.069160193,797.9035533333334,797.7123486602582,5554045.908020503,5554045.908020503,139.48069968340653,133.1454126608954,43.71241307567088,43.71241307567088,10247058.99311241,10292123.094150478,584.5925322222222,586.2670590740773,686.5093072222223,686.8413993340313,616.9716144444444,619.7020916207298,628.1613933333334,619.7020916207298,78703.5503662217,79745.9477700703,78662.3150898217,79745.9477700703,412.21901055555554,414.5436065643429,419.61104611111114,414.5436065643429,78280.8458582217,78624.53217465944,78265.3543240217,78624.53217465944,332.3239911111111,332.3239911111111,331.6119138888889,332.3239911111111,86924.7932241817,86924.7932241817,87074.7748155017,86924.7932241817,585.860638888889,591.6914970117081,588.9123966666667,591.6914970117081,365.61273444444447,365.61273444444447,366.83343777777776,365.61273444444447,79680.6455102217,79680.6455102217,79620.9657153417,79680.6455102217,582.3850261111111,584.250563866608,584.5890733333333,584.250563866608,79269.3637535817,78731.12386299239,79265.5667040217,78731.12386299239,78976.4330381817,78731.12386299239,537.4972288888889,535.1811750007089,536.0101922222223,535.1811750007089,202491.3272630959,202491.3272630959,14486.652615125344,14486.652615125344,93.77960848306611,0,4.0963755,4.0963755
1205,optimal - Optimal Solution Found,33.317014975038994,42.151374304326474,3.4753420000000004,1.0204817923420069,0.98,0.17346300364634926,24857900.0,126475505.99567364,115027374.50336955,16.80313669713346,0.17346300364634926,3199.921530539941,587.4675583923096,1465.1716245052842,564.2732502511093,85792.40704057891,1199.8030320531689,3.4753420000000004,5775.05671786228,535.6937732195672,10608408.252418324,10450130.313771287,587.3962252305712,127056885.00000001,126475505.99567364,108.26591671571768,104.03926378816998,96.97228770490737,103.74610944484748,126933609.0,126475505.99567364,2776.3442723381304,3352.099687570752,2598.078001533299,3352.099687570752,299.0900472222222,299.0914152311433,334.8032811111111,334.36069234081936,351.1928316666667,351.62398969642095,387.6478161111111,386.7087020376888,418.39093611111116,417.13053875440494,2033568.3891534875,2034494.1610656064,287.90495444444446,287.90495444444866,294.92201166666666,299.1033303365092,285.40118611111114,285.4011861111092,293.9654127777778,289.9765260875887,0.2599813604565359,0.2592936890356422,339.3293605555556,337.65241887768457,443.0228094444444,438.56478506849993,16.964849053683302,16.80313669713346,416.58641500000004,417.11762243176554,522646.9667052641,505970.6135405898,1391982.2719382972,1392607.8156725839,10875937.231017184,10767258.29092647,421.0590711111111,418.82657951220665,0.04707621011833056,0.047076941805193354,484.6609422222223,483.2020969463086,10682230.06597397,10767258.29092647,425.906585,424.2845875793294,440.32061333333337,438.56478506849993,419.7744338888889,418.82657951220665,435.9989855555556,436.610874799775,640203.3852403881,643267.6305141161,1665769.4436181623,1695027.206313355,73625.0568272847,63247.87997001826,513.9398966666666,510.6456436346242,183581.7911888294,179098.85767940697,431244.30000992725,418790.7919077927,427456.8926179159,418790.7919077927,593.2470800000001,598.6332240313554,1839022.1045686656,1806646.8024903699,620.2556450000001,607.6361879006927,1702675.58324616,1695027.206313355,791.7576522222223,797.3835889446757,800.7857694444444,798.7361723502884,10082557.874714436,10082557.874714436,799.1751533333334,798.7361723502884,5827199.437256891,5827199.437256891,138.20881622010242,134.20959682427699,42.151374304326474,42.151374304326474,10417111.83811298,10450130.313771287,585.5953055555556,587.3962252305712,686.5093072222223,686.6425373371737,621.5492511111112,622.4570309353154,633.247656111111,622.4570309353154,78342.1510927282,79742.49357030042,78268.7930607282,79742.49357030042,417.64435777777777,418.9661974516139,424.629475,418.9661974516139,78019.3075697682,78621.07797488957,77950.88577684821,78621.07797488957,336.1217338888889,336.1217338888889,335.17229833333334,336.1217338888889,86741.9286878082,86741.9286878082,86601.4398448082,86741.9286878082,589.9296494444445,597.5684279581741,592.4727811111111,597.5684279581741,370.47858444444444,370.47858444444444,371.1525227777778,370.47858444444444,79197.29547604821,79197.29547604821,79069.7923484482,79197.29547604821,585.436783888889,587.4675583923096,589.3362522222222,587.4675583923096,78959.6796530882,78247.7738288189,78947.9085257282,78247.7738288189,78591.45443280821,78247.7738288189,537.0853094444445,535.6937732195672,536.1930772222222,535.6937732195672,203370.3864685778,203370.3864685778,14388.088613664519,14388.088613664519,115.05612195116302,0,3.4753420000000004,3.4753420000000004
1139,optimal - Optimal Solution Found,33.52685692722757,44.69121526297442,3.0175789999999996,1.0345569499205265,0.98,0.17346300364634926,24857900.0,131586283.64500196,119999191.39187689,17.419701782987556,0.17346300364634926,3160.4699324183694,593.0568626117521,1553.4558848594077,565.656740586841,85958.00393454183,1221.853818299324,3.0175789999999996,5955.510305614753,537.4707788306002,10733658.654486546,10575690.476970023,588.2841304368496,132366942.99999999,131586283.64500196,107.67981590267807,107.29018569853535,101.22134018644577,107.02485237807483,132023270.0,131586283.64500196,2954.613929531601,3834.6856864060833,3047.624479927207,3834.6856864060833,300.9465627777778,301.38330051662894,336.0507294444444,335.518939360345,351.92567722222225,352.61469771457007,388.2775805555556,387.85383879206216,419.10296222222223,418.55677274632126,2039780.0689957007,2028173.2622473976,289.80715722222226,289.8071572222212,297.45325833333334,301.3938481687848,288.10211944444444,288.1021194444415,295.8316433333333,292.7974170297082,0.2604145510570497,0.2598202751618294,339.8846527777778,338.880641894118,443.6040338888889,440.33829888606357,16.941597908797103,17.419701782987556,417.65453,418.5439699731903,534644.9543948951,522548.3505125923,1405663.5525682396,1404654.4839411434,11002634.622188581,10896005.434714641,422.349575,420.2850651300411,0.08552786531263334,0.08552919463832236,485.4238816666667,485.1141102050394,10821316.481051285,10896005.434714641,427.1893744444445,426.002926373304,441.24083722222224,440.33829888606357,420.8718966666667,420.2850651300411,437.0099311111111,438.089300203574,666358.6883441599,668875.0401342921,1735420.1300526822,1762503.4074004795,76028.29337298528,65765.67239912828,519.0921794444445,516.5793752876059,190698.23555683883,186228.48397109014,445662.01656111015,435462.1536316366,442821.4661881696,435462.1536316366,596.528906111111,605.4166055811885,1911828.9626807363,1876960.8435705875,619.8741755555556,611.6894094716533,1771063.8051465144,1762503.4074004795,795.996205,805.8934304740312,801.2944294444445,802.6992978434296,10190082.593700524,10190082.593700524,798.751263888889,802.6992978434296,6043085.974663199,6043085.974663199,146.4230106629149,135.61445870172523,44.69121526297442,44.69121526297442,10537262.071180144,10575690.476970023,586.3573972222223,588.2841304368496,688.0351861111111,689.1800073143276,626.8050566666667,626.7599638976782,642.1486166666667,626.7599638976782,78530.68182761113,79738.017342007,78506.07727493113,79738.017342007,421.71335111111114,420.1159722595804,431.2077255555556,420.1159722595804,78100.64923045112,78616.60174659615,78081.92999261113,78616.60174659615,333.51077722222226,333.51077722222226,333.03605944444445,333.51077722222226,86907.52558177113,86907.52558177113,86873.35263341112,86907.52558177113,596.9656466666667,599.5205728293786,603.8321016666667,599.5205728293786,371.83492111111116,371.83492111111116,374.2085188888889,371.83492111111116,79527.50724637113,79527.50724637113,79437.38959153113,79527.50724637113,592.7270944444444,593.0568626117521,599.8478961111111,593.0568626117521,79214.88557293112,78577.98559914183,79132.11093765113,78577.98559914183,78769.04964505113,78577.98559914183,540.0011622222222,537.4707788306002,538.0688233333334,537.4707788306002,202757.71783399433,202757.71783399433,14412.062581397642,14412.062581397642,69.36126660634966,0,3.0175789999999996,3.0175789999999996
1048,optimal - Optimal Solution Found,33.742248313143726,44.64847640389633,2.6269535,1.0450705590520841,0.98,0.17346300364634926,24857900.0,136216088.64181298,124562843.15713978,17.966758601330547,0.17346300364634926,3206.5816192481925,596.5706848735832,1551.9702924055807,568.7758844349829,85958.00393454183,1239.6582551025115,2.6269535,6130.244273732471,538.6466870928939,10863895.788798057,10706052.101433326,589.1973915062482,137036133.0,136216088.64181298,110.44738580863576,110.43806705968711,106.36825054087393,110.20858187552349,136984360.0,136216088.64181298,3032.1249791203663,3912.954487748188,3140.6350303228132,3912.954487748188,301.3259811111111,301.7310534307462,336.55671944444447,336.06092156272825,352.42615722222223,353.2890945085753,389.4383422222222,388.7502951398371,420.6945388888889,419.6949954448407,2026524.153465797,2022119.1282025357,289.80715722222226,289.8071572222266,297.45325833333334,301.74213240121344,287.57316055555555,287.5731605555568,295.8316433333333,292.3849703145109,0.26416903388170776,0.2635455712822962,340.8936233333334,339.6349459017794,445.1886588888889,441.77859956831884,17.719008359765535,17.966758601330547,418.66330555555555,419.6822857324192,545796.7554730991,536145.0714304216,1414921.6465030592,1413742.6244273079,11141765.301664125,11029773.348627426,423.27736000000004,421.45446673995764,0.13166954915088336,0.13167159563846384,487.45840388888894,486.60810861587646,10944407.086843887,11029773.348627426,428.4726388888889,427.4067340981839,442.6216561111112,441.77859956831884,421.87823055555555,421.45446673995764,438.29702666666674,439.2318011533829,688329.1565124337,689892.8815859773,1792231.0754586777,1817885.975073151,76028.29337298528,67832.20559667565,521.2027583333333,520.4111567734246,195495.61457618268,192080.28066708613,460180.3966251796,449145.5383508533,458286.6963765526,449145.5383508533,599.5369900000001,609.7991250831054,1976846.0482170603,1935322.2890734845,622.9259333333333,614.0589173847128,1824718.6822963192,1817885.975073151,801.0824677777779,811.3969183717808,805.8720322222223,805.1966358863757,10303704.691355236,10303704.691355236,802.7355033333334,805.1966358863757,6232456.5580012435,6232456.5580012435,145.86409502658609,136.89830234988565,44.64847640389633,44.648476403896325,10663508.007489907,10706052.101433326,587.1997505555555,589.1973915062482,689.0524388888889,690.7693621183743,629.8568144444445,630.0484193852576,645.7090005555556,630.0484193852576,78499.69826153113,79734.07684479762,78474.41039421113,79734.07684479762,421.71335111111114,421.02841940995125,431.7502772222223,421.02841940995125,78090.32137509112,78612.66124938677,77999.30714973112,78612.66124938677,333.51077722222226,333.51077722222226,333.51077722222226,333.51077722222226,86907.52558177113,86907.52558177113,86873.35263341112,86907.52558177113,599.0001516666667,603.0782705481558,605.8666072222222,603.0782705481558,371.83492111111116,371.83492111111116,374.22547333333335,371.83492111111116,79543.53602613113,79543.53602613113,79437.38959153113,79543.53602613113,594.7615994444445,596.5706848735832,601.8823677777777,596.5706848735832,79148.05834673112,78594.01437890183,79136.28746821113,78594.01437890183,78804.02012561112,78594.01437890183,540.5955772222222,538.6466870928939,539.2580422222222,538.6466870928939,202464.6934433854,202464.6934433854,14619.846060508611,14619.846060508611,65.96467856706317,0,2.6269535,2.6269535
951,optimal - Optimal Solution Found,33.92251119287411,46.25220388716236,2.5308235000000003,1.0527937474199076,0.98,0.17346300364634926,24857900.0,142872511.18964002,131158169.24504268,18.81752878006692,0.17346300364634926,3349.787680062675,602.547492490462,1607.7154736885425,573.0555548478267,85656.3311267899,1259.8818482707636,2.5308235000000003,6377.819700647295,541.7052521158068,11027737.04461046,10870517.479754256,590.3373515219092,143170166.0,142872511.18964002,112.3837803300195,114.8982076966772,109.71322362617649,115.06941999223191,143148285.00000003,142872511.18964002,3063.123980734048,3640.138022815673,2892.6091535269575,3640.138022815673,300.2251866666667,300.4913777513493,336.91530944444446,336.3354290524091,353.6447577777778,354.0399597408873,390.1879977777778,389.907439211153,421.79052666666666,421.19106398703394,2023651.9805979165,2013117.5154236055,288.18855833333333,288.1885583333329,296.3003722222222,300.5049979699358,285.4179922222222,285.4179922222246,294.4119355555556,290.58436084861387,0.2617141844977131,0.26102244814668374,341.3175211111111,340.3916063240107,446.5594066666667,443.7073432685558,18.498270979578137,18.81752878006692,420.08745944444445,421.17847982404015,565859.4135813306,554522.7999220844,1426357.4394961754,1425012.9656240854,11302683.176626343,11198767.94153755,424.8099016666667,422.9907743208161,0.5469462156697001,0.5469547166378038,488.81474055555555,488.510099410222,11108180.65996082,11198767.94153755,429.5730005555556,429.26719138143005,444.0030511111111,443.7073432685558,423.34251500000005,422.9907743208161,439.76860166666665,440.70513145504356,717919.3418809869,718320.6960428592,1870787.965018459,1892794.01744104,75070.86355299066,70627.30815009002,525.7193427777778,524.232557757979,202891.51416521159,199995.16531856553,477507.7114620071,467653.0869416169,475298.3899087707,467653.0869416169,604.612198888889,614.1757140808414,2056665.512627124,2015001.4487803297,625.1384577777778,615.4154366435602,1905800.6181353058,1892794.01744104,807.228368888889,816.9080573711611,808.0760794444445,806.6059286476021,10442228.911736038,10442228.911736038,804.7700427777778,806.6059286476021,6500383.720634989,6500383.720634989,158.17072872737037,142.62191067611747,46.25220388716236,46.25220388716236,10820969.244146494,10870517.479754256,588.2426038888889,590.3373515219092,697.6990855555556,694.291697562485,634.8583061111111,637.0702800941399,651.0495766666667,637.0702800941399,78128.7680561392,79721.1440224847,78108.0364492192,79721.1440224847,421.3742838888889,422.078818989933,429.51230444444445,422.078818989933,77703.0640307792,78599.72842707385,77678.5353742992,78599.72842707385,332.08663222222225,332.08663222222225,331.6119138888889,332.08663222222225,86605.85277401921,86605.85277401921,86425.4952838992,86605.85277401921,602.9843911111111,608.1625530944567,609.7660755555556,608.1625530944567,370.38958333333335,370.38958333333335,372.19096833333333,370.38958333333335,79177.59904417921,79177.59904417921,79207.1000215392,79177.59904417921,599.6783205555555,602.547492490462,606.12092,602.547492490462,78840.3101103792,78228.07739694991,78781.0767344592,78228.07739694991,78425.3440286992,78228.07739694991,544.869055,541.7052521158068,544.2750811111111,541.7052521158068,204409.31493246095,204409.31493246095,14483.987895876768,14483.987895876768,95.1314340595263,0,2.5308235000000003,2.5308235000000003
784,optimal - Optimal Solution Found,34.15113291647142,44.753956537586454,2.6132210000000002,1.0530660878300022,0.98,0.17346300364634926,24857900.0,148365606.96333945,136655474.33593908,19.474986080965255,0.17346300364634926,3597.89443193732,605.8626129880298,1555.6367564623863,580.2516872052088,85743.0461428189,1271.405273568771,2.6132210000000002,6601.285912960029,544.2611509835729,11182882.409438789,11026163.011279685,591.4039184936101,149395752.00000003,148365606.96333945,116.26439812509747,118.92401408203057,115.59772607736838,119.05898927437799,149401047.0,148365606.96333945,3171.640804713775,3756.0666459810577,2939.1144287247607,3756.0666459810577,300.9892111111111,301.02771590626156,337.7932666666667,336.972726102205,354.69449444444444,354.79978231318336,391.7091633333333,390.9096984494883,423.6947894444445,422.47069555827954,2010843.965485691,2005424.8001515693,288.40969611111115,288.40969611111325,296.4457161111111,301.04162878224844,285.615695,285.615695,294.7032261111111,291.02003760007165,0.2619067204462082,0.261220649264646,342.33007722222226,341.30635889497023,448.9398455555556,445.39061670564877,19.448648297024103,19.474986080965255,421.65996222222225,422.4582196379966,586822.4092188114,570721.9473071654,1438272.7554019096,1435155.4875681703,11464080.560711663,11358760.978876753,426.24717833333335,424.3078108104061,0.5238747437611723,0.5238828861385386,491.27310111111115,490.17540289167295,11266121.40574051,11358760.978876753,431.68302,430.863864758975,446.39885055555555,445.39061670564877,424.89904722222224,424.3078108104061,441.7010422222222,441.95597991254454,750021.0385578149,743373.7146636822,1943512.351294594,1958809.3835937404,77728.07862914815,73090.59129920485,531.4189583333333,527.0105006923665,210346.10826071294,206970.4378234547,495156.72821701213,483963.519816204,491369.32771975803,483963.519816204,610.1693483333333,617.3605348245202,2133177.0925577944,2084755.9949510687,627.1221,618.0966433299134,1982312.1980659757,1958809.3835937404,815.4935466666667,820.9268169163785,808.1608505555556,809.5074322764591,10574920.304779602,10574920.304779602,805.6177194444444,809.5074322764591,6731968.844541074,6731968.844541074,154.48629051430257,148.26142166054802,44.753956537586454,44.75395653758645,10978909.989926185,11026163.011279685,589.2052638888889,591.4039184936101,696.6818333333333,696.6321653207025,634.773535,642.867771928725,652.0668294444445,642.867771928725,78245.5556350082,79708.49469226676,78207.2818034482,79708.49469226676,421.98463555555554,425.6413995328072,431.1399255555556,425.6413995328072,77763.0484051682,78587.07909685592,77781.1221520482,78587.07909685592,334.63824055555557,334.63824055555557,333.985495,334.63824055555557,86692.5677900482,86692.5677900482,86601.4398448082,86692.5677900482,602.1366805555556,616.0034959033579,609.2574488888889,616.0034959033579,371.9875177777778,371.9875177777778,373.6532688888889,371.9875177777778,79336.2109037282,79336.2109037282,79353.0484134882,79336.2109037282,598.6610677777778,605.8626129880298,606.6295466666667,605.8626129880298,78971.8300126082,78386.6892564989,78969.1719037282,78386.6892564989,78579.9495642482,78386.6892564989,543.5782294444444,544.2611509835729,542.092905,544.2611509835729,205741.23636267707,205741.23636267707,14494.643368574498,14494.643368574498,105.80652188223438,0,2.6132210000000002,2.6132210000000002
676,optimal - Optimal Solution Found,33.96220220551561,50.633075729331615,3.037415,1.026870844203639,0.98,0.17346300364634926,24857900.0,151876038.4821507,139981682.08653462,20.05998490574114,0.17346300364634926,3673.668120640979,609.0658036344145,1759.9935243968862,577.8707202336451,86565.6977113149,1259.3115123404634,3.037415,6831.170214682831,545.8824130111068,11265951.37671022,11109435.966663845,591.9697557445023,151867661.0,151876038.4821507,120.88681470817727,123.06544414517133,118.98473419758827,122.98692554560844,151928543.0,151876038.4821507,3311.156630307184,3775.4597643241327,3109.632642320491,3775.4597643241327,301.1432488888889,301.1160263584297,338.2640422222222,337.2994557420123,355.11451833333336,355.27092194609617,392.2107111111111,391.5701321096561,423.74989055555557,423.3367038668451,1997849.7170016593,1997921.5635000125,288.2509538888889,288.25095388889235,296.86487944444445,301.13060755857856,284.5931022222222,284.59310222222257,295.40939833333334,290.26141118826484,0.26339885904735083,0.2626781672388652,342.9618761111111,341.9578860661039,449.76682111111114,446.53885100539094,19.288202091933137,20.05998490574114,421.92699111111114,423.32430547955255,593817.2342364145,581914.1884531878,1430749.2003554432,1440171.975007914,11559835.285059372,11447048.726914309,426.4590038888889,425.19592871532865,0.3239274471287556,0.3239324818045922,491.7817105555556,491.16558103990565,11358543.218202217,11447048.726914309,432.0501127777778,432.0175393502607,446.5832277777778,446.53885100539094,425.17379000000005,425.19592871532865,441.88514833333335,442.64308232471336,755952.0232093539,760722.0368721777,1970706.6640169048,2004522.6710846534,82366.28939346071,74796.32705936917,528.1541366666667,521.8069461862972,209219.05397686668,211800.56535173173,504571.2820961671,495257.91308477346,497627.7099213631,495257.91308477346,607.3274494444445,611.4655729968981,2161213.0483028824,2133724.217268278,624.8332816666667,617.028868576565,2002773.3459217981,2004522.6710846534,810.91591,813.6644394285753,807.3979111111112,808.4545084041471,10632624.249472532,10632624.249472532,804.6852377777778,808.4545084041471,6916970.782769617,6916970.782769617,165.56647520951748,156.3204665252399,50.633075729331615,50.63307572933162,11068174.789549952,11109435.966663845,589.8470488888889,591.9697557445023,697.6990855555556,695.4369522648884,639.6902561111111,646.4617682866125,651.5582033333334,646.4617682866125,79099.9497315842,79692.33309692443,79078.7624986242,79692.33309692443,432.5640627777778,428.43467172188866,436.83654055555553,428.43467172188866,78615.2783402642,78570.91750151358,78607.5324487442,78570.91750151358,331.374555,331.374555,329.53501500000004,331.374555,87515.2193585442,87515.2193585442,87471.5539107042,87515.2193585442,610.1051594444444,613.7545306221809,610.6137855555555,613.7545306221809,375.67505,375.67505,375.4249838888889,375.67505,80391.6836460642,80391.6836460642,80321.1248152242,80391.6836460642,606.12092,609.0658036344145,608.6640516666668,609.0658036344145,79968.7636426242,79442.1619988349,79963.4476737042,79442.1619988349,79415.5485267842,79442.1619988349,548.1460666666667,545.8824130111068,545.326005,545.8824130111068,207099.80907053474,207099.80907053474,14577.222451857273,14577.222451857273,90.17033923923567,0,3.037415,3.037415
544,optimal - Optimal Solution Found,34.129937558568265,51.69269144524892,2.9260260000000002,1.037600795166345,0.98,0.17346300364634926,24857900.0,159129883.07755712,147143235.84649965,20.98263597028966,0.17346300364634926,3851.4105511720763,615.3894974046053,1796.8255116206697,583.3400037038675,86357.05100032296,1281.916313376753,2.9260260000000002,7094.058147332098,549.2150547816484,11427087.44917757,11271281.030275118,593.0601235461222,158642563.0,159129883.07755712,124.54746678935803,127.801443860469,124.33905205715864,128.3611227739065,158482590.0,159129883.07755712,3822.707884705736,4039.90226828402,3311.1532439185435,4039.90226828402,301.59131055555554,302.28242784408025,338.51433722222225,338.27317749698375,355.6344022222222,356.3165630721889,393.34515166666665,392.905572827733,425.40382500000004,425.04053195739726,1998449.3302211808,1987047.2490760388,288.9716583333333,288.9716583333345,297.74333222222225,302.2968231673965,286.6874916666667,286.68749166666817,295.95542166666667,292.6250581928328,0.2639764978701225,0.2633209725982775,343.53169,343.2817509619139,451.54603000000003,448.84377261238365,20.774978090471738,20.98263597028966,423.5588338888889,425.02828098015027,600834.391017815,604592.6805605531,1442184.9933485594,1454037.4721624607,11730239.339422427,11614319.68779755,428.02374222222227,426.94253379510116,0.9776025614827696,0.977617755971652,493.90098666666665,493.26669062352494,11525472.956101941,11614319.68779755,433.7943788888889,434.09779558630675,448.51966944444445,448.84377261238365,426.63954944444447,426.94253379510116,443.5425238888889,444.3533148874823,786911.8314299234,795799.3548847055,2048211.6066669524,2096952.3310509427,86058.95278751326,78245.227476686,529.8457772222223,525.6262362017206,216867.4464727287,221566.8077188163,523792.29718162154,518094.5320775984,520636.1255040716,518094.5320775984,609.5163061111111,615.8456302836765,2246713.6203535837,2230628.400342671,628.8005672222223,617.8142019993154,2085117.74629495,2096952.3310509427,815.36639,819.1945075689795,811.8908105555556,808.7330427283956,10764836.133392993,10764836.133392993,808.6694772222223,808.7330427283956,7226980.627438527,7226980.627438527,168.79861618479947,162.49353645086327,51.69269144524892,51.69269144524892,11225636.026206542,11271281.030275118,590.7695950000001,593.0601235461222,704.8198538888889,699.188452969846,645.9633138888889,654.1590801068079,660.1200794444444,654.1590801068079,78744.96718411226,79675.9501851777,78719.22344191227,79675.9501851777,433.64913222222225,430.7193137746907,439.00667944444444,430.7193137746907,78215.11142559226,78554.53458976686,78199.61964255226,78554.53458976686,330.18776055555554,330.18776055555554,329.3570038888889,330.18776055555554,87306.57264755227,87306.57264755227,87160.38835463226,87306.57264755227,615.78482,620.1586138205613,618.4974933333334,620.1586138205613,375.7725366666667,375.7725366666667,375.9887111111111,375.7725366666667,80147.10692747227,80147.10692747227,80038.43700643226,80147.10692747227,611.8853516666667,615.3894974046053,615.9543622222222,615.3894974046053,79603.30094971227,79197.58528024297,79637.85362791226,79197.58528024297,79112.96446695227,79197.58528024297,550.6224661111111,549.2150547816484,551.2156600000001,549.2150547816484,208485.03305603404,208485.03305603404,14609.190584319298,14609.190584319298,92.95916396883251,0,2.9260260000000002,2.9260260000000002
508,optimal - Optimal Solution Found,34.06831777937129,56.26451735932807,3.1838995,1.0239644566514443,0.98,0.17346300364634926,24857900.0,161965870.83461466,149581052.57642686,21.368849126248037,0.17346300364634926,3879.5229528917107,618.7489724538545,1955.7410799037934,580.9447710216286,86656.33642407882,1277.3350717602607,3.1838995,7241.164493467756,550.6399034728998,11506591.388572078,11351039.062391171,593.5929875337637,162213135.00000003,161965870.83461466,131.46694531493733,130.4516058758798,127.19574479995697,130.07976788839147,162326553.0,161965870.83461466,3706.446389905548,3822.6435989803663,3094.12975512501,3822.6435989803663,300.9417777777778,301.32924952936037,339.12513,338.1961288556109,356.14747888888894,356.48075416366675,393.89340000000004,393.22729434533,426.6975666666667,425.46644563311435,1977551.025163713,1984159.583084855,287.4480427777778,287.4480427777788,296.49580333333336,301.34704760470623,286.48295833333333,286.4829583333253,294.32124333333337,292.58169908947207,0.2619067204462082,0.2612492387655647,343.84064666666666,343.4309888320359,452.76656333333335,449.51721725677845,20.872048369626306,21.368849126248037,424.5379394444444,425.454233008177,625700.5408110343,610382.079985317,1467261.5504500943,1456906.807704991,11831673.313381914,11697388.06782643,428.80716222222225,427.386363815863,0.054766616755919456,0.054767467971722494,495.17256944444443,493.9799072105034,11620406.070252419,11697388.06782643,435.08022000000005,434.68034426462174,449.99582166666664,449.51721725677845,427.7392844444445,427.386363815863,444.55577555555556,444.74791552998937,811201.3450916858,804766.6423151748,2112635.075057296,2120581.3704125676,85549.49994380976,79126.91636037144,530.4949027777778,527.4918455734155,225026.93744790083,224063.4838441117,541241.4462905013,523932.56468817685,536033.7671593984,523932.56468817685,608.6199705555556,617.9751991886519,2315766.1391587155,2256773.474270978,627.8087455555556,623.2042468451363,2148489.1574594434,2120581.3704125676,811.8907766666667,821.8585630427781,808.2456555555557,815.1424920836914,10828207.544557486,10828207.544557486,806.0415744444446,815.1424920836914,7332434.300057991,7332434.300057991,180.7577560468717,167.87412523877438,56.26451735932807,56.264517359328075,11320570.815783042,11351039.062391171,591.4113794444445,593.5929875337637,701.7680961111112,699.552010777398,663.5109211111112,657.3673721642281,676.0570366666667,657.3673721642281,78934.89887450812,79663.66139728724,78925.10254138813,79663.66139728724,432.8353466666667,431.2622650599013,439.82046444444444,431.2622650599013,78398.58820638811,78542.24580187639,78397.94271542811,78542.24580187639,328.94162611111113,328.94162611111113,328.5855788888889,328.94162611111113,87605.85807130812,87605.85807130812,87476.76012814812,87605.85807130812,629.6025011111111,617.60600751549,630.9588377777778,617.60600751549,375.1155694444445,375.1155694444445,376.154015,375.1155694444445,80403.52866586813,80403.52866586813,80289.50047310813,80403.52866586813,624.7705511111111,618.7489724538545,627.9918511111111,618.7489724538545,79872.59020450812,79454.00701863883,79887.01844538812,79454.00701863883,79333.42409738812,79454.00701863883,553.3710827777778,550.6399034728998,551.4436266666667,550.6399034728998,202358.1302318536,202358.1302318536,14494.643368574498,14494.643368574498,58.583551075468,0,3.1838995,3.1838995
460,optimal - Optimal Solution Found,34.1844307360969,52.85978688122078,3.0068975,1.0065886089314915,0.98,0.17346300364634926,24857900.0,167647624.47258988,155408826.88160104,22.12598264476184,0.17346300364634926,4144.798177232856,617.452688315939,1837.393468041964,585.513833516003,86572.8025779588,1275.0359806461033,3.0068975,7604.319851603345,550.2819259191346,11677474.697367841,11521223.67703189,594.7203161306389,168255614.99999997,167647624.47258988,136.43684805085852,136.99395133619274,134.26532258467603,136.63148016615494,168536179.0,167647624.47258988,3768.451165910192,4197.740667964866,3466.1719567074338,4197.740667964866,302.6432638888889,302.9473297278984,339.7171116666667,339.1362091687549,357.3224988888889,357.38962698520857,395.22529722222225,394.3536024920001,427.31110555555557,426.9287850146907,1970291.831684299,1970503.036108142,288.8612777777778,288.8612777777826,298.1572138888889,302.9632737533906,286.9114188888889,286.91141888889643,296.41546166666666,293.4653793680011,0.2638320804358805,0.26318489435369674,345.0707761111111,344.7953730502685,454.25722833333333,451.60479720561705,20.946121515621872,22.12598264476184,425.48737500000004,426.9167073290395,629277.5339999727,630641.9609053883,1461790.8570125287,1465599.17699755,11999262.544849478,11877441.120756144,429.8616122222222,428.8923749640652,0.08552786531263334,0.08552919463832236,496.44415222222227,495.519393804674,11778214.53691904,11877441.120756144,436.2746777777778,436.57955944828336,451.4726522222222,451.60479720561705,428.65601555555554,428.8923749640652,445.7536577777778,445.99474290974933,835852.4466322424,836171.4690332694,2173654.3527880507,2203333.9187635276,90241.67186161716,82214.72711988035,527.1467683333334,519.9655098558698,230665.95949002175,232807.22956365804,551341.1901428553,544378.2573161216,546606.9326265304,544378.2573161216,607.2433566666666,609.4562216060116,2379520.760160874,2343868.3134388444,628.953155,618.735864217064,2205300.206286798,2203333.9187635276,811.7636205555556,811.3823394923028,810.9582955555557,810.0721234239228,10960767.499648372,10960767.499648372,808.6694772222223,810.0721234239228,7642790.9610515,7642790.9610515,182.4726161807453,172.10107116221508,52.85978688122078,52.85978688122078,11478379.282449665,11521223.67703189,592.4542333333334,594.7203161306389,693.6300755555555,695.892694065444,645.1156033333334,658.2277011280781,656.559695,658.2277011280781,78947.42896386812,79653.84716408014,78910.74994786813,79653.84716408014,428.8341361111111,430.8288453555119,434.4629338888889,430.8288453555119,78370.18660414813,78532.43156866929,78395.36075158812,78532.43156866929,328.82294666666667,328.82294666666667,328.76360666666665,328.82294666666667,87522.32422518812,87522.32422518812,87440.68877942812,87522.32422518812,613.4112305555556,622.8307353245193,614.7675672222223,622.8307353245193,373.0217327777778,373.0217327777778,373.94149055555556,373.0217327777778,80589.76724054813,80589.76724054813,80524.15485122812,80589.76724054813,609.6813044444444,617.452688315939,612.3939777777778,617.452688315939,80026.74807754812,79640.24559331883,79986.87967926812,79640.24559331883,79374.77334250812,79640.24559331883,549.1275461111112,550.2819259191346,547.19853,550.2819259191346,207419.4707724404,207419.4707724404,14601.198123484477,14601.198123484477,72.94999240920157,0,3.0068975,3.0068975
437,optimal - Optimal Solution Found,34.10700254798703,58.096227675633166,3.1732180000000003,1.0076256695860502,0.98,0.17346300364634926,24857900.0,170961044.94177788,158353482.37368456,22.596402506883685,0.17346300364634926,4146.824173514079,623.1282703326249,2019.410889585144,583.8323776422166,86784.82187397646,1282.6912775244564,3.1732180000000003,7709.683322542963,552.678694137675,11717459.950299704,11561861.606572252,594.9875868167571,171276855.0,170961044.94177788,137.42025281474088,138.8921037669418,137.69856487117843,138.49266349412414,171482147.0,170961044.94177788,3853.7102727080573,3895.4998558221005,3187.140305520616,3895.4998558221005,301.295095,301.65402935862016,339.60471333333334,339.01171275449224,357.3928166666667,357.5873394272248,395.1162138888889,394.75690481293367,428.30635166666667,427.46177633114223,1965058.6278477279,1967074.121827352,287.06067277777777,287.06067277777794,296.6361838888889,301.67403456647486,286.40828555555555,286.40828555555277,294.4382188888889,293.02737310367877,0.26445780704797966,0.2637913389762908,344.77592555555555,344.96439605181945,455.3367033333334,452.410455127115,22.51609089074217,22.596402506883685,426.34780111111115,427.4497466234863,644559.425383204,638192.9790252708,1478756.0413360712,1469725.657531127,12062636.044038774,11920138.48824759,430.63586,429.4373901480993,0.054766616755919456,0.054767467971722494,497.71568388888886,496.29528951045506,11838314.039923403,11920138.48824759,437.2856911111111,437.23664685281216,452.6730611111111,452.410455127115,429.4812783333333,429.4373901480993,446.5832277777778,446.5615369893979,857267.3073648345,847858.1504550723,2231649.527603237,2234128.633158905,86670.71127134113,83363.79445787663,531.0426933333334,523.815297729115,235511.45670654552,236061.04056458652,569621.4459987103,551986.7150330119,562204.445314371,551986.7150330119,609.7022933333334,613.8453954808098,2439620.2631652365,2377146.6388098733,626.8932183333334,621.9222211011032,2262874.7733280724,2234128.633158905,814.4339083333334,816.8593242904495,806.804513888889,813.5388745533953,10986148.300618323,10986148.300618323,804.0918405555557,813.5388745533953,7758649.455657368,7758649.455657368,190.9795648090604,177.39579764104232,58.096227675633166,58.09622767563317,11535322.620671233,11561861.606572252,592.7751422222223,594.9875868166182,694.1387016666667,698.6443252105471,659.9505372222222,663.4052589833614,672.4966527777779,663.4052589833614,79032.32486212575,79639.61730529147,79038.47618692576,79639.61730529147,428.96978666666666,432.0107696336698,436.49742222222227,432.0107696336698,78425.01043724576,78518.20170988064,78430.81985588575,78518.20170988064,327.6361516666667,327.6361516666667,327.3394533333333,327.6361516666667,87734.34352120575,87734.34352120575,87635.62172568576,87734.34352120575,624.5162383333334,621.0834163712889,626.8898272222223,621.0834163712889,372.606355,372.606355,374.04321555555555,372.606355,80746.09290964575,80746.09290964575,80683.01619992575,80746.09290964575,620.7015405555557,623.1282703326249,624.4314672222223,623.1282703326249,80096.75986004576,79796.57126241646,80121.06057908575,79796.57126241646,79489.51386616575,79796.57126241646,551.5463350000001,552.678694137675,550.21153,552.678694137675,203130.63670056235,203130.63670056235,14635.827567406921,14635.827567406921,51.63295142430091,0,3.1732180000000003,3.1732180000000003
402,optimal - Optimal Solution Found,34.36081638294506,53.06141120964339,2.9000855,1.0044708652088663,0.98,0.17346300364634926,24857900.0,177225575.36961848,164781331.89653668,23.339942000173934,0.17346300364634926,4427.976322639749,623.0353631114906,1844.4018811646752,591.9489661936628,86311.48715212297,1291.3710302957043,2.9000855,8032.516931600682,553.121382748051,11872949.014773859,11716966.281859655,596.0010039897346,177319336.00000003,177225575.36961848,142.98315462166423,144.70804162752714,141.89346988954597,144.37417673801352,177210648.0,177225575.36961848,3907.9669915036006,4490.362133197182,3745.2002215056114,4490.362133197182,303.61122666666665,304.1245065458793,340.6551116666667,340.2065810017582,357.6603283333333,358.59629034232347,395.8687433333333,395.92872511097033,429.0961805555556,428.96196390156047,1958681.5974209837,1953703.5936525415,289.2910605555556,289.291060555553,299.24834444444446,304.141102922327,286.74050111111114,286.74050111110733,297.55848444444445,293.751237510503,0.2653242190370232,0.2646672322719662,345.7768344444445,346.43300642655277,456.93914722222223,454.6152144821024,23.163415585918305,23.339942000173934,427.4159166666667,428.9500726049135,654699.6823706928,659883.9378109928,1474588.3324625636,1480166.452885418,12220358.780834492,12084248.237944696,432.1993605555556,430.9793961267454,0.1393600817863528,0.1393622478048319,498.5634283333334,498.0042074843066,11992586.033430979,12084248.237944696,438.66484833333334,439.1220126781389,453.96629444444443,454.6152144821024,430.76544111111116,430.9793961267454,447.5974116666667,447.96599836216996,878885.0255017555,881453.4136766976,2289132.5390176643,2322653.03958427,90456.54619997003,86666.97508598362,531.32649,521.4736118369594,238245.23440932442,245414.64858248606,582970.4747671388,573858.4620657215,571134.8378710839,573858.4620657215,610.0763711111111,611.2212069939391,2498575.939579427,2469617.7076676893,629.4109183333334,620.51663296804,2324355.3857053504,2322653.03958427,813.0351861111111,813.698558000848,811.9755477777778,811.5151454705981,11105702.426357122,11105702.426357122,808.92379,811.5151454705981,8068625.801379866,8068625.801379866,192.77411179849986,180.4494192380341,53.06141120964339,53.06141120964339,11680125.257985769,11716966.281859655,593.6575750000001,596.0010039897346,697.1904594444445,697.357314508289,655.2881294444445,665.7704110906294,666.7322211111112,665.7704110906294,78649.96629311226,79630.65443088264,78627.86755923227,79630.65443088264,432.29279500000007,434.02739076524773,436.6330727777778,434.02739076524773,78035.01969659227,78509.23883547178,78059.54835307226,78509.23883547178,328.2888888888889,328.2888888888889,327.8735105555556,328.2888888888889,87261.00879935226,87261.00879935226,87147.09880559226,87261.00879935226,621.5492511111112,630.2400908598892,621.3797094444444,630.2400908598892,374.00083,374.00083,374.04321555555555,374.00083,80390.20917475226,80390.20917475226,80354.34710047227,80390.20917475226,617.9888672222222,623.0353631114906,621.040658888889,623.0353631114906,79798.46665939226,79440.68752752295,79829.60176903226,79440.68752752295,79106.92711087226,79440.68752752295,553.2799711111112,553.121382748051,552.5386988888889,553.121382748051,206993.2458590029,206993.2458590029,14683.777206767256,14683.777206767256,70.45708481643868,0,2.9000855,2.9000855
370,optimal - Optimal Solution Found,34.297297427612314,58.62948850550845,3.214417,1.001371766832271,0.98,0.17346300364634926,24857900.0,181670386.05523542,168889296.11115724,23.966105311763762,0.17346300364634926,4516.502785408759,629.2727568780344,2037.9469076696885,591.3588888087395,86354.17438385081,1297.8593817162066,3.214417,8198.016884551469,556.1518632609606,11998492.059429273,11843272.318390947,596.8185492388196,181622299.0,181670386.05523542,145.02342204777372,147.6895696199224,146.21228097165607,147.26135969799267,181339340.0,181670386.05523542,3993.226098301466,4412.379661329493,3466.1719567074338,4412.379661329493,303.54264666666666,303.8174644485278,341.2763055555556,340.4404667380094,358.8184877777778,359.0128592701416,397.0951766666667,396.5393732663219,430.6204994444445,429.7556079578232,1946805.3456738626,1947694.8941476264,288.54900444444445,288.54900444444496,298.84664000000004,303.83614895866043,287.63317,287.6331700000029,296.7489805555556,294.8970155013168,0.26253244705830736,0.26191512769630787,346.44149888888893,346.951581827589,458.8974772222223,455.82971871530583,22.654598344870806,23.966105311763762,429.1367688888889,429.74378990565543,671544.5763418587,671638.325205438,1501743.3775943993,1486147.3793317135,12359291.045148803,12214344.988864362,433.9432194444445,431.8030095836539,0.054766616755919456,0.054767467971722494,500.0892733333333,499.0711018483713,12128102.896983031,12214344.988864362,440.5966622222222,440.10777426154755,455.6297738888889,455.82971871530583,432.4172561111111,431.8030095836539,449.0731566666667,448.77790872403205,909539.3736973497,899650.747418627,2362577.8538756357,2370603.494902971,92951.38871162178,88456.18804445947,527.8066261111111,524.7272913315281,248988.1992284633,250481.15827672597,602813.7263161712,585705.5929438944,590820.2822151902,585705.5929438944,606.5595255555556,614.9390464212721,2582331.619335544,2520665.881100609,626.7406305555555,623.4825696515572,2396117.628255244,2370603.494902971,809.220488888889,818.3585477229021,806.0415744444446,814.8689378678688,11212814.606655885,11212814.606655885,803.4137055555556,814.8689378678688,8242016.697483488,8242016.697483488,202.48872982628123,188.56430548865453,58.62948850550845,58.62948850550845,11812485.956755029,11843272.318390947,594.4998944444444,596.8185492388196,699.224965,700.3538922000502,675.6331816666667,672.3405341143689,689.2813205555556,672.3405341143689,78433.54638644012,79608.33274088168,78404.61326196013,79608.33274088168,435.6836372222223,437.0969603659542,442.87222222222226,437.0969603659542,77810.13251124012,78486.91714547083,77799.80465588013,78486.91714547083,328.3482288888889,328.3482288888889,327.6361516666667,328.3482288888889,87303.69603108012,87303.69603108012,87066.38379292013,87303.69603108012,639.605485,629.5592810056277,642.2333877777778,629.5592810056277,375.3910755555556,375.3910755555556,377.0822577777778,375.3910755555556,80426.87522500013,80426.87522500013,80327.54924596012,80426.87522500013,635.9603300000001,629.2727568780344,639.6902561111111,629.2727568780344,79688.89441844012,79477.35357777083,79660.79640100013,79477.35357777083,78896.20290296013,79477.35357777083,556.5857705555555,556.1518632609606,555.4004677777777,556.1518632609606,205021.98705863065,205021.98705863065,14529.272812496942,14529.272812496942,58.583551075468,0,3.214417,3.214417
328,optimal - Optimal Solution Found,34.37692729079086,59.50174927897394,3.0038454999999997,0.9971930649907508,0.98,0.17346300364634926,24857900.0,188151966.69575572,175192829.9387962,24.803016931894675,0.17346300364634926,4635.059772267829,632.7705697839325,2068.2664821923036,593.7044469585012,86143.81056514947,1306.1898522659972,3.0038454999999997,8515.911123482467,557.1319703009509,12101657.388152068,11946243.937174292,597.4800299781549,187664780.0,188151966.69575572,150.7274408509299,153.41652334465124,151.2307556385357,152.96958502389697,187119445.99999997,188151966.69575572,4093.988092294813,4768.886902400336,3853.7102727080573,4768.886902400336,304.2308688888889,305.18461862424357,341.3473688888889,341.3097591302433,359.2964944444444,359.86804169537163,397.69818722222226,397.60397037835133,431.65923333333336,431.1316734132802,1944098.5302852707,1934520.2161717585,289.41592833333334,289.41592833333306,299.7282588888889,305.2026519089065,287.90009944444444,287.9000994444432,297.5846833333334,295.5907382267971,0.260607087068635,0.260004501089705,346.9232527777778,348.1853753022612,459.84469222222225,457.95076248212615,24.051755074919374,24.803016931894675,429.7895061111111,431.11998604410564,688616.4133570709,692458.3255183268,1505769.7201775375,1495039.3691085828,12488753.652008496,12326532.137039557,434.2518033333333,433.21127965835626,0.054766616755919456,0.054767467971722494,501.1065427777778,500.68706006436406,12251011.61645537,12326532.137039557,441.6089977777778,441.83378103961786,456.8317083333334,457.95076248212615,433.1516444444445,433.21127965835626,449.9035572222222,450.08661626247317,935183.6830873915,931911.0438827432,2434988.0747184404,2455610.2286425633,94389.67382865289,91628.11099187855,528.842715,523.7967491929242,253603.69192754576,259463.08426063476,615256.5198113522,606708.2277144169,606261.4332882378,606708.2277144169,608.0888294444444,613.9173799848021,2662316.441224895,2609947.661273509,627.0458061111111,623.5795999455779,2475471.207535377,2455610.2286425633,812.1874755555557,817.1815419304239,806.5502005555555,814.4244148622112,11275756.105623322,11275756.105623322,803.7527561111111,814.4244148622112,8546931.192922244,8546931.192922244,208.87269430188726,192.84732036136984,59.50174927897394,59.50174927897394,11919613.824734379,11946243.937174292,595.2619861111111,597.4800299781549,699.7335911111111,699.7462214417666,679.1935655555556,675.7831729441451,693.8589572222223,675.7831729441451,78234.11784153877,79595.14254997781,78193.11025373876,79595.14254997781,438.3963105555556,439.6733570451938,445.0423611111111,439.6733570451938,77548.85105173876,78473.72695456697,77540.45966925877,78473.72695456697,329.119645,329.119645,328.8822861111111,329.119645,87093.33221237877,87093.33221237877,86958.53881929877,87093.33221237877,642.1486166666667,632.1222674869804,645.2851455555556,632.1222674869804,377.4340577777778,377.4340577777778,379.18034111111115,377.4340577777778,80211.78643237877,80211.78643237877,80130.47497629876,80211.78643237877,637.4862088888889,632.7705697839325,643.7592666666667,632.7705697839325,79498.65453937877,79262.26478514947,79481.94767061877,79262.26478514947,78702.35608809876,79262.26478514947,557.3720050000001,557.1319703009509,555.9931533333333,557.1319703009509,205181.8388591008,205181.8388591008,14422.71805758696,14422.71805758696,63.99982365407593,0,3.0038454999999997,3.0038454999999997
299,optimal - Optimal Solution Found,34.48651531587023,58.977166931115555,2.773438,1.0041215954205942,0.98,0.17346300364634926,24857900.0,191529533.2457659,178518630.56367743,25.19355596412164,0.17346300364634926,4671.803877941411,634.9875715775569,2050.032126053657,596.0512729126109,85849.60834689125,1316.969564018175,2.773438,8649.157420745958,557.6846062469479,12238903.464509869,12083426.531473098,598.3543840727353,192059326.0,191529533.2457659,155.40503530784778,155.81699269881625,155.99552727302265,155.36220431508048,192279678.0,191529533.2457659,4280.009193086025,5127.788394225547,4132.741923894875,5127.788394225547,305.6531661111111,306.4740973842477,342.5430988888889,341.92598466466745,359.889875,360.36636288026284,398.50351222222224,398.1663048895908,432.94251444444444,431.8441539968435,1939879.765106069,1928440.169771226,290.45231611111114,290.45231611111086,301.20416555555556,306.4906983734609,288.3856655555556,288.38566555555303,299.15893222222223,296.19612605606267,0.26296566844683705,0.2623769312768837,347.61252611111115,348.86808310600884,460.4841877777778,459.03142768207374,25.082446969372103,25.19355596412164,430.2938938888889,431.83253295567437,703229.4642468749,703483.7694454943,1514912.070735019,1500852.9888305631,12624606.528306425,12467661.574721295,434.82931444444444,433.9554122936006,0.054766616755919456,0.054767467971722494,502.1237955555556,501.57464736115963,12383454.987008529,12467661.574721295,442.52959444444446,442.7057516539142,458.03406722222223,459.03142768207374,433.6107305555556,433.9554122936006,450.91875833333336,450.8148313878186,962751.2796658151,948972.5533185825,2507464.231661449,2500567.7568978025,93895.18764368634,93305.64651475704,530.3431116666667,525.7321172631548,260810.25663788256,264213.357250126,630606.006622397,617815.8953613446,627134.220534995,617815.8953613446,607.8918550000001,616.1350055337103,2729742.7193469694,2656682.979686325,626.2065727777778,624.7513046159066,2537216.38491157,2500567.7568978025,811.5093072222222,819.9765049693681,804.85478,815.6890122169469,11401886.298555747,11401886.298555747,802.1421061111112,815.6890122169469,8694103.350847786,8694103.350847786,217.1076985546523,193.37982551522418,58.977166931115555,58.977166931115555,12052058.043342682,12083426.531473098,596.064225,598.3543840727353,698.7163383333334,700.5333301246972,682.2453233333333,677.6214229954844,697.9279677777778,677.6214229954844,78092.63097084055,79591.84283476186,78048.88937796054,79591.84283476186,438.3963105555556,441.1766287095336,445.5848961111111,441.1766287095336,77396.31468968054,78470.42723935102,77333.05682444054,78470.42723935102,331.2558755555556,331.2558755555556,331.01850833333333,331.2558755555556,86799.12999412055,86799.12999412055,86838.99839240055,86799.12999412055,641.6399900000001,634.492824973797,645.7937716666667,634.492824973797,378.44283333333334,378.44283333333334,379.9220877777778,378.44283333333334,80078.48789072054,80078.48789072054,80209.13784896054,80078.48789072054,637.4862088888889,634.9875715775569,645.6242294444445,634.9875715775569,79597.06187068054,79128.96624349125,79512.76831604054,79128.96624349125,78570.20967564055,79128.96624349125,557.5656561111111,557.6846062469479,556.6768827777778,557.6846062469479,204888.8109769057,204888.8109769057,14553.24848412415,14553.24848412415,59.017924780340614,0,2.773438,2.773438
280,optimal - Optimal Solution Found,34.343813002160736,60.51336988223003,3.049622,0.9803158263134323,0.98,0.17346300364634926,24857900.0,196916104.64888868,183684933.74198273,26.03036527850916,0.17346300364634926,4948.654833788762,635.14849654337,2103.4301708529515,594.3397341776634,86615.0586090749,1309.5610198771103,3.049622,9013.349246034382,559.0180253950454,12378273.740625639,12222620.18709033,599.2336453354534,197277832.00000003,196916104.64888868,160.5805151777004,162.3780104050983,162.22913091788888,161.90176604979348,197519379.00000003,196916104.64888868,3969.9751538968853,6007.211742932163,5109.345930271456,6007.211742932163,307.7568066666667,309.3305403975469,343.16555555555556,343.18329740540327,359.9621505555556,361.3363915438793,398.5745166666667,399.23721092033514,432.7924355555556,433.2237432544124,1908214.507548911,1911936.9404938533,292.77972833333337,292.77972833333143,303.69549722222223,309.3439314341288,288.79869333333335,288.79869333333704,302.7449172222222,297.15219865693535,0.2623399110467221,0.2617695258243521,348.36967555555555,350.3801407208944,461.7211672222222,461.2442041951214,24.908096646166072,26.03036527850916,430.67960222222223,433.21225875019854,707860.1534025127,725237.5234854192,1500605.750509629,1507686.3384794723,12789876.988632094,12617955.166611664,435.1884044444445,435.37466912265535,0.054766616755919456,0.054767467971722494,503.0562772222222,503.0401847748517,12564199.93028687,12617955.166611664,443.2662383333334,444.462892866061,458.77422,461.2442041951214,434.0698844444445,435.37466912265535,451.5649677777778,452.05866859925675,977084.7746016819,982715.573343776,2558806.2326868456,2589481.5064054034,95453.87631880914,96623.35500674763,526.8299283333333,519.3931892839664,261821.8739008216,273608.1037825072,636341.3531072743,639783.8374858646,631291.4880758546,639783.8374858646,605.7295488888889,608.9689228460855,2786134.592298543,2749454.263091188,629.4872122222223,621.5753980330619,2594870.722397309,2589481.5064054034,811.0430666666667,811.1867102268889,810.6192111111112,811.6286914740509,11497414.668593053,11497414.668593053,807.9913083333334,811.6286914740509,9015824.707023809,9015824.707023809,223.004497768997,202.88072593001553,60.51336988223003,60.51336988223003,12217022.142022785,12222620.18709033,597.107078888889,599.2336453354534,696.6818333333333,698.5549526109945,670.6316894444444,681.1648847485152,683.4321183333333,681.1648847485152,78881.0150739442,79566.23050078073,78873.0412449842,79566.23050078073,425.7823783333333,434.3579456402183,431.2755594444444,434.3579456402183,78206.0380669842,78444.81490536989,78166.6631184242,78444.81490536989,320.2186805555556,320.2186805555556,320.33736444444446,320.2186805555556,87564.5802563042,87564.5802563042,87579.7682057042,87564.5802563042,631.2131511111111,634.1109662589794,632.9933433333333,634.1109662589794,366.98178722222224,366.98178722222224,367.9524155555556,366.98178722222224,81010.6977812242,81010.6977812242,81005.34373978419,81010.6977812242,628.1613933333334,635.14849654337,632.0608616666667,635.14849654337,80362.1324030242,80061.1761339949,80298.3427667042,80061.1761339949,79436.0524451042,80061.1761339949,562.2808255555557,559.0180253950454,559.024125,559.0180253950454,204995.34276416144,204995.34276416144,14518.617336307629,14518.617336307629,66.73443424174201,0,3.049622,3.049622
229,optimal - Optimal Solution Found,34.37014747238769,61.17728119039825,3.1777955,0.9713352934990991,0.98,0.17346300364634926,24857900.0,203351353.6780442,189926192.8605091,26.894204603011435,0.17346300364634926,5211.581508590547,638.2176884032227,2126.5075681139083,597.662431072964,86926.1045028894,1314.2416393446053,3.1777955,9338.029730249713,560.8398745906251,12543176.209629714,12387566.700807065,600.2654733402283,203411864.99999997,203351353.6780442,165.16008895345067,168.22722023877307,167.48840429222827,167.73953795443308,203172791.0,203351353.6780442,3946.724209492304,5995.818533445753,5093.843043075975,5995.818533445753,307.0497138888889,309.2959221703598,343.16555555555556,343.5955509739475,360.77703777777776,361.95646072173855,399.5529777777778,400.1236333266466,433.8505816666667,434.39659065076347,1895971.588594613,1897813.2263279648,292.22947555555555,292.2294755555557,303.2458805555556,309.31086593394906,288.2701333333333,288.2701333333358,302.0817744444445,296.9772141145767,0.26566117248285037,0.2650616938661455,348.5521027777778,351.3132636083849,462.7758205555556,463.2467436429084,26.486767434917535,26.894204603011435,431.68837777777776,434.38522475551457,724548.7874748165,744201.7485810752,1508246.6910606716,1512451.1877444943,12957532.359656192,12792988.606089989,436.3342716666667,436.5901315797415,0.06245677139774723,0.06245774213857385,504.2430716666667,504.3946498197066,12728386.879865125,12792988.606089989,444.6479044444444,445.9543735878608,460.06986111111115,463.2467436429084,435.172095,436.5901315797415,452.5806944444445,453.2426734466416,1004419.1621459002,1012146.3007047632,2632516.1091573434,2667032.250780016,97708.29462932129,99517.06677345099,525.7742066666667,518.1421493571595,268452.8497192891,281802.2198875165,650452.4511131,658944.319116317,643982.3005530741,658944.319116317,605.7738333333333,607.5794053317512,2863842.497206844,2831715.358289212,629.1057427777778,621.1682155966296,2664372.5905966405,2667032.250780016,811.4245361111113,809.5448106957056,808.92379,811.0612633960098,11623727.585619742,11623727.585619742,807.0588611111111,811.0612633960098,9310465.81492047,9310465.81492047,227.97839955164915,211.10874845288882,61.17728119039825,61.177281190398254,12374896.748245943,12387566.700807065,598.1499661111111,600.2654733402283,697.6990855555556,698.9023312610103,675.7179522222223,686.1738810943791,688.5183811111111,686.1738810943791,78897.7175876787,79541.05625635767,78878.5807963187,79541.05625635767,428.49503500000003,437.0144864739739,432.49622888888894,437.0144864739739,78186.9730656387,78419.64066094681,78223.1203105587,78419.64066094681,320.2186805555556,320.2186805555556,319.9813261111111,320.2186805555556,87875.6261501187,87875.6261501187,87780.7011553187,87875.6261501187,634.773535,637.8954979246774,635.5364744444445,637.8954979246774,367.89307611111116,367.89307611111116,368.3296555555556,367.89307611111116,81310.3983129187,81310.3983129187,81298.5438241587,81310.3983129187,632.2304038888889,638.2176884032227,636.1298722222223,638.2176884032227,80426.7532890387,80360.8766656894,80362.5836740387,80360.8766656894,79501.8503443187,80360.8766656894,564.0563383333333,560.8398745906251,561.3928655555557,560.8398745906251,204888.80399373325,204888.80399373325,14702.425143791386,14702.425143791386,68.62098374497187,0,3.1777955,3.1777955
163,optimal - Optimal Solution Found,34.34360466826227,63.252804839453304,3.0450445000000004,0.9680505466081778,0.98,0.17346300364634926,24857900.0,208478137.35845906,194870311.05487287,27.615635350401885,0.17346300364634926,5279.665020876527,641.3867750344133,2198.652270553017,597.1936005505277,86896.83346737646,1320.746382104003,3.0450445000000004,9611.307090662225,561.7659916492993,12682535.01174836,12526733.210997848,601.1276741595588,207989502.00000003,208478137.35845906,168.85381711624967,173.15038840426539,173.07302347183784,172.65429692890928,207947510.00000003,208478137.35845906,3931.221322296822,6708.516475115525,5605.397683863168,6708.516475115525,309.19073000000003,311.359381656917,343.59801500000003,344.594435829484,361.43091944444444,362.75563417390697,399.7063627777778,401.0193813003256,433.8263205555556,435.5447680595738,1878263.9687679205,1884567.76990243,293.972415,293.97241499999967,304.87510777777777,311.3717059450168,289.9508738888889,289.9508738888873,304.44817111111115,299.099136917741,0.2633026218926642,0.26278034684876556,350.37522333333334,352.4833268857517,463.7183561111111,465.14285593166176,26.442448436419404,27.615635350401885,431.98507611111114,435.53351655083253,730196.827030382,763223.3794692731,1505267.8655011216,1518836.378499032,13109278.21024778,12941144.465240413,436.61849222222224,437.77616918369404,0.07014730403321669,0.07014839430494188,505.17555333333337,505.7290300164285,12873537.60552599,12941144.465240413,445.2007472222223,447.37864531878273,460.71788444444445,465.14285593166176,435.63145222222226,437.77616918369404,453.04249333333337,454.4170864343795,1021466.5452507661,1041632.3571771489,2684034.017507852,2744728.7888253722,102472.59866883491,102416.21865377194,526.2580794444444,517.3774430319812,271702.19631780405,290011.74074814806,664779.9489924132,678140.8220251279,654838.0192397427,678140.8220251279,605.2626300000001,606.742789155345,2916833.077451872,2912602.686598379,629.029448888889,621.1248872240748,2716100.6994127454,2744728.7888253722,811.1702227777778,808.5888488149444,811.2126083333334,810.5675315056826,11731004.278729036,11731004.278729036,808.3303927777779,810.5675315056826,9578707.994429084,9578707.994429084,236.58366105021688,215.14295985854804,63.252804839453304,63.252804839453304,12513734.296286076,12526733.210997848,598.9521716666667,601.1276741595588,697.6990855555556,698.6484083363451,675.5484105555556,689.0778039252951,695.1305227777777,689.0778039252951,78829.56530216576,79527.30608658168,78828.65405008575,79527.30608658168,429.78357222222223,437.79330896554046,437.58249166666667,437.79330896554046,78022.87056452576,78405.89049117082,78094.51981224575,78405.89049117082,317.90443500000003,317.90443500000003,317.8450911111111,317.90443500000003,87846.35511460576,87846.35511460576,87618.53512708575,87846.35511460576,636.2994138888889,637.6902264060041,642.6572427777778,637.6902264060041,368.0287094444445,368.0287094444445,369.9191038888889,368.0287094444445,81166.27442888576,81166.27442888576,81265.47573908576,81166.27442888576,636.1298722222223,641.3867750344133,642.5724716666667,641.3867750344133,80389.12869472576,80216.75278165647,80370.52317676575,80216.75278165647,79501.92998680576,80216.75278165647,562.9752022222223,561.7659916492993,562.5313072222223,561.7659916492993,206300.64084942572,206300.64084942572,14571.896421148276,14571.896421148276,101.87178022436426,0,3.0450445000000004,3.0450445000000004
110,optimal - Optimal Solution Found,34.397634261267534,61.60446579061049,2.956543,0.9773475887793588,0.98,0.17346300364634926,24857900.0,212454963.9600542,198795194.29318178,28.12759138645134,0.17346300364634926,5437.3848813422965,644.6261201592904,2141.3564019891155,602.7495365658473,86555.77760975197,1335.0056571038062,2.956543,9771.42097661283,563.4751069331783,12824788.04996526,12669276.62462924,602.0030209201107,213391113.0,212454963.9600542,173.51034006561707,176.0348848915536,178.65545860418587,175.56012207865282,213972350.99999997,212454963.9600542,4031.9799299015294,7709.754267434549,6457.988751841821,7709.754267434549,311.7078705555556,313.9590785851961,344.67525166666667,345.70101400138276,361.998665,363.5305325757648,400.2199227777778,401.80700778710633,435.8341394444444,436.5262273168666,1859394.537638803,1875534.367268386,296.1699433333333,296.16994333333616,307.77963111111114,313.9682465076095,291.53280555555557,291.53280555555745,306.5732922222222,300.99021862419784,0.2597406750795915,0.2592998054331306,349.8740822222222,353.5112036181905,465.45612833333337,466.67137759529817,27.011992623962506,28.12759138645134,433.40923,436.51506946359535,749096.221351298,779867.7545731829,1513857.1155561255,1527703.3789051627,13267133.233051326,13088724.906758862,438.27300277777783,438.79408472131047,0.10090842659205002,0.10090999497170286,506.61664444444443,506.9854204614372,13031098.049824184,13088724.906758862,446.9519816666667,448.5458971161331,462.4774266666667,466.67137759529817,437.0099311111111,438.79408472131047,454.5206972222222,455.5008037150435,1055402.3572249738,1067374.1899760722,2765846.182965431,2812559.198540955,103907.86234596182,104947.2279473273,528.1056988888889,521.1409048805106,281048.92509330716,297178.7932006036,684889.2146388626,694899.6981625811,678261.2568739107,694899.6981625811,607.36719,611.0492193832615,3004326.557392808,2982329.849548881,630.7842094444445,623.6700191046427,2801700.479105055,2812559.198540955,814.2219805555557,814.0007775655341,811.4669216666667,812.9678008753002,11857003.026936004,11857003.026936004,808.839018888889,812.9678008753002,9783610.131361594,9783610.131361594,236.83774850214309,218.03204770345891,61.60446579061049,61.60446579061049,12646045.380953386,12669276.62462924,599.9950588888889,602.0030209201107,697.6990855555556,700.7487167669809,680.0412761111111,693.3232141059706,692.5873916666667,693.3232141059706,78573.56245886127,79515.32182391993,78550.09684686127,79515.32182391993,429.44450500000005,440.7244550579377,434.05605,440.7244550579377,77814.21600106127,78393.90622850909,77789.04210246126,78393.90622850909,321.70217388888886,321.70217388888886,321.5241633333334,321.70217388888886,87505.29925698126,87505.29925698126,87461.63380914126,87505.29925698126,637.3166666666667,643.4785605470594,638.0796061111112,643.4785605470594,369.4655788888889,369.4655788888889,370.0801688888889,369.4655788888889,81014.03562602127,81014.03562602127,80932.39371042127,81014.03562602127,633.9258244444445,644.6261201592904,639.0120877777779,644.6261201592904,80192.73870834126,80064.51397879196,80232.22712794127,80064.51397879196,79220.06943258127,80064.51397879196,563.5670394444445,563.4751069331783,561.4953366666666,563.4751069331783,205394.94084106086,205394.94084106086,14374.768418226628,14374.768418226628,93.50696263323772,0,2.956543,2.956543
47,optimal - Optimal Solution Found,34.449921868089355,62.8531783696783,2.95044,0.9573347777394098,0.98,0.17346300364634926,24857900.0,219766263.57881844,205832088.91485935,29.0790408575449,0.17346300364634926,5646.556927110052,646.0682087744527,2184.7613506582547,603.281109136962,86291.21599722533,1330.9917293202961,2.95044,10193.905789885759,563.3172208156908,13001498.1690251,12845090.976951333,603.0720585332332,219067368.00000003,219766263.57881844,177.82469094875339,183.64606709841314,185.21350074358438,183.1002715179507,218669495.0,219766263.57881844,4520.283626284139,5910.938391774646,4721.804227882192,5910.938391774646,307.23831722222224,309.0362064822941,344.2179288888889,344.5300625921836,362.1795666666667,363.4452833163739,400.48666333333335,402.28879323074,436.31891166666674,437.27995171059126,1858183.125901963,1858429.2422668992,290.6966561111111,290.6966561111083,302.2987288888889,309.0559469790542,285.4781438888889,285.4781438888856,301.7026405555556,295.49343897567974,0.2638320804358805,0.2631366248642048,350.7395861111111,353.6571241066901,466.13492444444444,468.3277872617722,27.17630948394414,29.0790408575449,433.97295722222225,437.26888748505075,765874.9757659294,792708.3280890898,1521167.354938107,1519249.0562893979,13447106.142107477,13279654.203422122,438.6892794444444,439.59034539643363,0.054766616755919456,0.054767467971722494,506.7861861111111,507.6773447273231,13194954.298233379,13279654.203422122,448.05851500000006,449.6213712432357,463.49654388888894,468.3277872617722,437.8372966666667,439.59034539643363,455.26003611111116,456.13373517129105,1079263.1374356132,1087483.6825757187,2830809.3348297775,2865548.242983181,103327.68632358313,106924.44973475643,526.8739244444445,514.4211837556373,287012.5356388454,302777.6870081945,701194.5405439584,707991.7145041139,689043.2892380514,707991.7145041139,606.6590127777778,603.4321087777602,3075391.424671706,3042181.041919281,623.3074027777778,619.3785465949661,2862034.3737118943,2865548.242983181,813.5438122222223,804.607680986208,803.2441638888889,808.8738807303358,11982985.242793627,11982985.242793627,800.2771427777778,808.8738807303358,10072661.100015093,10072661.100015093,241.7453444041444,225.29840995001467,62.8531783696783,62.853178369678304,12822526.309178023,12845090.976951333,600.9978327777778,603.0720585332332,696.1732066666667,698.0361363408865,683.4321183333333,694.9298210837443,698.1822805555555,694.9298210837443,78271.18264081463,79493.040808194,78278.24496885463,79493.040808194,434.73420166666665,444.7038389823375,440.49863277777786,444.7038389823375,77483.16906849462,78371.62521278314,77466.38630353463,78371.62521278314,324.13510333333335,324.13510333333335,324.43180611111114,324.13510333333335,87240.73764445462,87240.73764445462,87254.02719349462,87240.73764445462,641.3856772222223,643.7390100428423,643.6744955555556,643.7390100428423,373.62359055555555,373.62359055555555,375.25968,373.62359055555555,80831.52576857463,80831.52576857463,80962.47906277463,80831.52576857463,641.5552194444444,646.0682087744527,644.946095,646.0682087744527,79912.98889757463,79882.00412134534,79931.59391785463,79882.00412134534,78981.13759353463,79882.00412134534,561.9848727777778,563.3172208156908,561.2448216666667,563.3172208156908,205368.3070213504,205368.3070213504,14601.198123484477,14601.198123484477,225.10852842984139,0,2.95044,2.95044
26,optimal - Optimal Solution Found,34.6006373993509,62.90272691020888,2.771912,0.9758261807593889,0.98,0.17346300364634926,24857900.0,222320833.99480832,208466376.68962166,29.32291599395788,0.17346300364634926,5631.509072161623,649.5849951703022,2186.4836460002025,605.2970137765744,86137.25656137477,1348.5327106912534,2.771912,10192.233456309214,564.6187431252758,13074542.933758281,12918593.22953237,603.5155687405139,222637924.00000003,222320833.99480832,179.33638857207862,183.61593954077827,185.61482667277235,183.07024248405855,222966414.99999997,222320833.99480832,4249.0034186950625,5278.625699202738,4411.770188693054,5278.625699202738,305.7497544444445,306.99277520997396,344.2384944444444,344.0333986386378,362.6068716666667,363.3595837147448,401.52890611111116,402.3914496005208,437.5725227777778,437.4305614124815,1852021.053266942,1859493.9216488255,288.82271333333335,288.82271333333716,300.82673055555557,307.0165234909704,284.0523516666667,284.05235166667495,300.13720722222223,294.0302190677327,0.26253244705830736,0.2617993577830429,350.51185722222226,353.4375482238116,467.9361733333334,468.5576289061815,28.30285602999984,29.32291599395788,435.42678111111115,437.4195098140981,781700.8839827068,795344.1129487981,1533205.8626576304,1521972.9322409255,13535478.500404526,13352711.746351793,440.45114388888885,439.7559112434181,0.054766616755919456,0.054767467971722494,508.82070833333336,508.0409485621073,13283161.692567434,13352711.746351793,449.5344638888889,449.7793780257415,464.9794777777778,468.5576289061815,439.2166911111111,439.7559112434181,456.6467716666667,456.39781697474876,1112048.30079863,1091537.7700786756,2900079.7128880443,2876230.870692576,104782.50028158772,107323.0590034523,528.6094083333334,521.2828805705988,296189.4432914121,303906.42784057814,724227.0352420023,710631.0739795313,708761.8050536194,710631.0739795313,607.8739855555556,611.2372407998794,3149711.674656149,3054446.743773295,629.4109183333334,623.5237911633551,2930673.5160556994,2876230.870692576,814.2643661111111,814.3004477532793,807.7369955555556,813.8257573264069,12058568.798472628,12058568.798472628,805.0243216666667,813.8257573264069,10109318.565916672,10109318.565916672,242.56533042093776,224.9150482563194,62.90272691020888,62.90272691020887,12910733.696617318,12918593.22953237,601.5192761111111,603.5155687403214,696.1732066666667,701.322691857262,683.9407444444445,698.3975733771156,701.2340388888889,698.3975733771156,78112.21106968407,79490.14278430119,78103.55392608406,79490.14278430119,434.6664016666667,444.7206418906158,440.49863277777786,444.7206418906158,77279.73451732406,78368.72718889035,77290.70786364407,78368.72718889035,322.5329388888889,322.5329388888889,322.11755222222223,322.5329388888889,87086.77820860407,87086.77820860407,87094.37205888407,87086.77820860407,642.4029294444446,646.2618329532684,646.7262533333334,646.2618329532684,372.64025444444445,372.64025444444445,373.36081722222224,372.64025444444445,80706.62860516406,80706.62860516406,80687.01553404407,80706.62860516406,642.0638455555555,649.5849951703022,647.3196505555555,649.5849951703022,79825.09722824406,79757.10695793475,79812.56689004407,79757.10695793475,78799.72563120407,79757.10695793475,564.89842,564.6187431252758,562.9752022222223,564.6187431252758,208192.00168225268,208192.00168225268,14529.272812496942,14529.272812496942,77.69639214538468,0,2.771912,2.771912
