,100 to 105 MW,105 to 110 MW,110 to 115 MW,115 to 120 MW,120 to 125 MW,125 to 130 MW,130 to 135 MW,135 to 140 MW,140 to 145 MW,145 to 150 MW,150 to 155 MW,155 to 160 MW,160 to 165 MW,165 to 170 MW,170 to 175 MW,175 to 180 MW,180 to 185 MW,185 to 190 MW,190 to 195 MW,195 to 200 MW,200 to 205 MW,205 to 210 MW,210 to 215 MW,215 to 220 MW,220 to 225 MW
1FUE-TOTPA-FLOW,2.6415832311501997,0.7034398359338575,0.7844818551513101,1.957263409340578,2.2359023294554814,1.200177074395339,3.071243573286766,3.2068655005156423,3.2509294088336125,2.584204223821361,2.5500443246623252,2.2015064643150217,1.771572340705587,1.7474097449633244,1.8350159951253466,2.100139597661485,1.516414880642285,1.7661155902942545,2.008410407955444,2.3629262338644654,2.2347054931938666,2.0723543053735596,2.146127480498267,1.919248378883483,1.2969427184582674
1FWS-FWFLW-A,1.5892763112792552,1.9837570945134413,2.2355391149044106,2.4016460848822163,2.000129066954495,2.217666429304609,1.8810104828164842,1.9989421466341397,2.4286618205707606,1.7969636055484788,2.1210100807413608,2.3981363772805295,2.2732024627758776,3.048711736133175,1.5739851630115862,2.55750759202759,2.066633720213545,1.8630294201934048,2.76935930795083,2.5235073260822647,3.392614597736635,3.447658190995226,3.2824881276024747,4.063201836695716,1.8278175434499258
1FWS-STMFLW-A,1.108693625139688,1.821088170190905,1.6755328014074915,1.715281394058441,1.4293708034748522,1.8537185578023523,1.6637717798754403,1.4778096891015877,1.8524241579619505,1.6024398216034106,1.4543586479536224,1.6346519447754935,1.9496228012723646,1.9555378166204553,1.6179166478371654,2.211525511425133,1.6811550969508082,1.69678736522024,2.1580711834682704,2.3118089115115596,2.356763393222596,2.4084381619705524,2.6025994030902013,2.284726367035922,1.9030436949024112
1JT66801S,1045251.4753324914,1454596.709202267,1459500.4730729756,1307377.5073282542,1291009.346223289,1545256.2275549727,1453610.643320328,1501324.6174136081,1512953.6318154281,1522548.8787440374,1001116.6439767116,1395220.5958898137,1346579.3092944226,1599905.9191835008,1381262.557679368,1401860.3203620377,1274533.5627860373,1513110.1611340693,1465409.4380717343,1339877.822838689,1470805.981383973,1373037.2441444586,1350486.2284246658,1452011.3827766262,1056176.0899237841
1LDC-GROSS-MW,1053311.858748772,1516882.6246818036,1484007.149977112,1364479.166849045,1336776.456017452,1583364.4903920824,1509621.6528864142,1521720.2529440022,1586369.2715396737,1535093.6743863206,997563.9558231015,1372727.7180069778,1374924.2991422436,1569105.7046912233,1327261.233475618,1428389.301530971,1211819.267940942,1549016.113675142,1410846.5321150788,1365430.3011762796,1449928.3984232678,1442181.3927953022,1373625.1716239667,1455696.0373507978,1051695.0468162182
1TCMVACPT2,60.45207067050717,63.39656420823715,55.303800190269406,49.665264582186595,97.08788204677445,97.58365916938604,90.96712747129291,102.82911819380172,121.52988643322789,125.43567301017004,157.13428494686568,175.22584469136973,154.83786810744394,184.18508365086169,108.8009496780781,140.00015691027286,166.97663627788785,130.1824647223861,138.80762636899163,142.61720065842758,207.04623753466217,216.33274706511412,260.86093918973114,297.1655995825844,260.45121398074406
5C0002FLOW,0.19574334264684462,0.35342741001378325,0.45444728157861475,0.40018028069276274,0.4127083363690291,0.5382502043536407,0.41663387528703927,0.34831690522698366,0.41444584716435395,0.49760312064464574,0.46458232729734084,0.5573156138391334,0.5446787213417336,0.5472836427051937,0.49765816270109775,0.5451602739760373,0.3327210760535389,1.1009576031102797,1.4161704112147289,0.8913600136114043,1.6170302211006333,2.0378963132474963,2.0213546861593277,2.419778252816524,2.3191824825956826
BA1003,500.0826366470059,428.1535488242337,461.5457951046353,413.09615615365396,441.037553952272,404.90293005793137,482.7819809205062,499.95208078422985,537.3744774431261,547.8653074976096,451.3277357981652,510.2713709848467,650.6960742672605,670.8422987283201,507.7603071204204,590.3715711202326,445.5862300749234,463.2535397123292,406.7696141307744,431.7158935493283,366.9959314747997,369.6456508082576,336.5421356995557,275.89954526939175,287.68319066507496
BA1503,506.2963814144474,459.27156548275156,439.0761410382085,415.17121820743404,434.4364520961337,384.7220039319421,485.19225486705335,507.67634402767845,538.7409453929732,543.4290784145527,450.30620959124803,486.86635366472393,654.6891597310657,671.8795802375028,479.1989543860518,595.1508098039158,460.75799540794713,464.2942307796207,370.4879218023028,408.79135685732336,351.3585805146946,344.1220761727661,309.6205066846091,259.5034687218067,262.8853277291032
BA1T,3.868302673421898,6.009586539688375,4.5777616106694285,4.1700926766072195,4.369732625408793,3.949013667395454,4.619897559527045,5.4153055193395065,6.204230181920257,5.68959633475106,4.725324894479973,4.9223980793185085,5.196737561413671,5.84326903643317,3.6486503030876376,4.563505675883713,4.986715298988817,5.327840793018848,5.422841174003229,6.757345602496876,6.101060496649275,5.0254499096678185,5.4931130408182804,5.0266450494594865,3.200538476425522
BA2003,493.76699049233986,440.28279530085956,450.58933651861156,398.4555907529032,436.5037029332282,402.87974417429865,490.6268010406327,488.65896619098726,517.8972927001216,528.6245788726018,447.83013539755495,498.20414265143063,655.0730593913208,681.3505116561814,505.95713408739755,586.0524104334927,462.085697942793,466.4607179243467,356.6083457618496,439.08488702100834,358.5286693024873,370.697065277475,313.489301281706,256.807646319987,254.0027921490242
BA2004,4.411834250109747,4.686342660969447,4.89610727240231,5.2295598427806596,6.344736747955944,5.29845857546615,7.507618173808552,7.379808280168545,6.320159921389763,6.855768492230628,4.870994444489574,7.792404088169363,7.288438805139255,5.076760427912037,4.214526372892829,7.004038438945077,7.259530580286514,7.001374423350589,5.670362479242331,4.1370084854208065,3.7359055844483713,3.8985525176539433,3.809199988473862,3.926357944783515,2.533878437290627
BAROMETRIC-PRESS,470.74165489227755,415.7855521756276,433.7659040022801,389.40282230283736,412.46794330455265,379.69502341601685,462.17255073720065,451.8247693059377,484.0959248768617,509.06456519686554,460.2899138625679,490.1589907290404,654.4051877144121,679.5883063431415,502.92958417471783,581.0773494924723,461.21479496198896,458.9742331588325,355.18413170367245,441.5862951315653,375.35521620064895,358.9955506975367,313.7142055421141,246.23112829160053,263.4964804118609
C19,1.2079872972837258,1.1591941549212128,1.079920660022715,1.0219427793160314,1.560975474899571,1.35682654114048,1.368560468622534,1.2327005396443627,1.3430696454803326,1.0080730690478483,1.4602597143904015,1.1114356980778337,1.6029789250350965,1.0169080458450606,1.3504360131874418,1.1401639197638094,1.1690803247903245,1.1124606460720983,1.5808847690719985,2.2511216167156283,2.052199064812499,2.373762636165704,2.661275275728436,2.061672126690651,2.0693253657611366
CW313,1.632021729036558,1.4587550648587002,1.620752624136167,1.5906867291100724,1.5940302257827146,1.5459719343772484,1.787017521759659,1.7842141087944605,1.9587360679709693,1.4900868787352217,2.0326405829839596,1.497036534199184,1.9149949884722983,1.0027351057020066,1.3464680144928325,1.2908222663685398,1.735837347616429,1.5126672546330417,1.4875084039852762,1.993091538918034,1.939344943516395,2.639183025319694,3.237707430764879,2.6901612204833394,2.4713197034201047
CW316,1.6137270838352598,1.463431355941766,1.3573139377662577,1.3434978481465227,1.9588977897924735,1.6799319220987716,1.7319617571336305,1.5514059517700711,1.6733770131123153,1.2538281007886407,1.6928568383149791,1.338845238173094,2.0210331117683564,1.1811112468032865,1.6310018437821159,1.2601695417379293,1.1973943838400534,1.1254329984255471,1.9552355383198938,2.743192419392341,2.5108523425864213,2.7541821650383578,2.930075996432389,2.221526397072985,2.2115324008069193
CW317-COND,0.0031827264101109715,0.00279211673202489,0.0028234548268197424,0.003334569973172119,0.002742593872126406,0.002821282210222842,0.002735663995841218,0.0028713113044147097,0.002625966458201117,0.002985582119641158,0.0037203501731194496,0.0033158239284424456,0.003572725285997138,0.003958314687344425,0.0038430943889224633,0.0029143638313732143,0.0032980592383811368,0.0029004951605941273,0.0023297445757644517,0.003472519694119858,0.0034151150784538747,0.003093418877301298,0.002887097632388432,0.0031524232460579302,0.0033341770388475435
DGS3,0.4262591037186082,0.4361140715768848,0.4602151376287823,0.43203164280608075,0.47922297285829635,0.4656389320214514,0.47743987066956656,0.5178704645386581,0.5125986034466841,0.476589445120782,0.5446221042528736,0.5448757959220847,0.512658884940306,0.5499569475921765,0.5267549537011252,0.6270279310312951,0.4971793580837135,0.5708141480492861,0.49498675720776036,0.46526207520313567,0.4331626187777405,0.4895597046731495,0.5466848872225643,0.5495501357521482,0.5228318182031284
FW401,0.4810596689829205,0.9471084365637589,0.8795440509796261,0.745761084868182,0.7850000412093942,0.912519476293004,0.8880279334505179,0.9099524831121526,0.7190961882926923,0.6725964830712926,0.44556477685231105,0.7324051353452176,0.5164428807314375,0.6542874650575985,0.6640694264880321,0.589433092053875,0.5802525213446659,0.6579312254957775,0.5594870674995692,0.526831073577627,0.46627162915745174,0.5741554520643188,0.49074152349649575,0.594888002436444,0.49586394170229
FW413,5310.4996713263545,6599.12660888902,7335.868851071524,6057.9595848925555,6641.487092210469,6661.8466942813275,6224.547447191993,5771.9218745962135,6520.6919949779185,7404.089356774945,5701.056800384014,9127.397027869069,8671.187161234551,7135.5043597888,6456.224731625742,6743.099766205455,11362.211603684955,11245.015465963852,10635.117449154384,7203.295714651903,8901.820127931358,10345.349424990352,8337.402389344847,10000.732522767836,6905.333439669909
FW451,30699.443796955224,41599.366598644105,40455.5187203856,39828.82754832606,37440.869360802535,41128.31954974691,42033.939691814005,43518.75822791781,45839.5927065137,44187.030051405556,31887.176168887974,45898.94354988825,42251.156236165996,44439.45075071742,37957.67297762035,45264.35792387623,39929.438315281106,41574.76580515452,58197.54624559222,51825.592955620865,53336.95359035951,49571.60333170288,51250.349018203626,49496.77687977416,35952.459410265445
FW452,0.5670216894648943,1.028658184164077,1.0288833279923828,0.8344211338974495,0.9922499590159537,1.0515678125006964,1.0579124032035816,1.1021267133088153,0.8330747779675509,0.7349904589534624,0.552306048078168,0.8652971112435995,0.6069076844820113,0.8347050625730336,0.7784203780643849,0.6850539102583759,0.6082377567687834,0.6816856304798989,0.6303651205268334,0.6645835141849082,0.610550127706769,0.6766916242218955,0.5482029119973787,0.6743555725458089,0.5583838486732992
FW468,36173.315585402524,45739.34024600706,48236.400935073914,51345.065377489715,42801.07936293868,50338.16890866655,48571.27731379789,52268.36033388114,58485.704235614205,53207.27160976957,41053.36765486429,58116.49766808618,52878.690183869294,57022.77365637028,43183.34031252085,56961.4497612848,51260.89970666506,51658.71388378406,66826.80336621379,71239.54667963591,74222.59513596488,62575.41178440485,66176.40305843278,71824.5544432915,44618.53566940342
S11,201.18609211060203,194.95964719852864,201.35380539471984,179.9320470062587,320.8534105881671,258.83296546224256,278.1276229630005,260.84903852609614,292.62075222266566,230.78868993235523,346.9973395855746,260.58925980481,454.4480190794513,215.70606586411316,313.9033407417923,241.22757876499756,239.04217097142978,238.57893272971327,488.538878823087,699.227484787779,674.7304943984112,780.6952186258366,894.8339013512269,710.9132055671162,685.2127317419637
S212,1311.392660881198,1508.9409422204153,2254.6726913213406,1836.9635048482812,1891.8244397891697,2331.2730982859266,2159.068261296967,2120.8035335370514,2242.4311499234036,2385.537863837197,1946.3349070373297,1957.6478629876149,1641.6273084848158,2063.712552484435,2364.049713527618,1379.6482519590784,1446.5080418966825,1581.52579643588,1890.5184668286124,2918.1658932731666,1946.5953630339707,1837.7761267480357,2216.3560474113688,1789.425771663633,1778.9704942174221
S302,4.906844633583839,4.460068550198178,5.3338167328267705,6.699015972925029,5.213965982189058,5.695939288849377,4.94796192473043,4.433997391623514,3.0194934154103668,3.890292678009614,2.759883986092048,1.8142949571457112,2.5689449603252634,3.0361508364383654,1.2645810476411696,2.6250959847443034,3.4435121205557078,2.211414945492717,2.2061742715054367,2.4127174660993975,2.3669857639950247,1.7986825528277337,2.4814604437125936,2.1141112945849443,2.3561671576027012
S312,1721.690156532258,2301.350697137507,2436.3614737120265,1804.425592682305,1962.2035826557048,2454.6354797540657,2330.686071006623,2317.6608752309694,2266.0336963855675,2469.579551027716,2331.7470098528684,3382.8188646679796,2909.5541458740577,3141.25033790441,2752.461485592982,3176.5216998071974,3945.6502083424766,3462.7508368535987,2236.446381814326,2135.9078933409855,2272.636364845906,2730.389665387737,2265.3489796310714,2603.710116449623,2393.734879848467
S412,4439.083922067526,6905.067480121158,6595.485978696141,5578.136829839591,5630.675156905474,6298.817897381361,6685.524314250491,6287.302710722162,6405.340339917079,5901.174635553905,4765.804686469157,7928.107111546856,6144.034639050358,8069.977246193343,6962.582408073903,6698.458332284001,7028.123733311999,8286.98816772517,6411.0354444390505,6113.477046879259,6235.126821511085,6543.982229728141,6044.038865296849,6715.564587758689,5428.814359367266
S422,4458.201695714184,7402.3711428068245,6853.85637409472,5215.327646558042,5715.128243563094,6777.131854698387,6465.112784482143,6573.684836645346,7048.369232013205,6343.6542646178395,4585.26825794077,7187.007117392758,6092.280303293754,7711.92468164846,6856.034877709018,7532.873734214714,7869.711913588943,7997.014736518958,6074.747847630621,6155.863975316956,6850.9336882112775,7453.275691282211,6268.939353770042,6780.655243803605,7069.816633259136
S423,4.901914166747669,4.33267803899312,4.843639627229715,6.645393405731857,4.971144875745086,5.389877928493127,4.505848425798069,4.037594606842319,2.792464553886383,3.6634513520531296,2.668982240079488,1.5537238529251005,2.2756860774445644,2.808957424432616,1.1956140555659467,2.522666940788248,3.126641962527651,2.1883863700582227,1.7050410883360083,2.6699523475306854,2.3782353820373743,1.8134948342377903,2.708922532099469,2.47636475695991,2.3341065713552824
S502,5.824823155292323,5.395419034940653,6.68378148739499,7.832225209024376,6.163093298942176,6.666211837395725,5.71525344056753,5.178395997369288,3.4854113777035853,4.673166965894914,3.242769189266847,2.2636667961036494,3.0872123075368254,3.462476659208362,1.5020738460049083,2.8504863002134804,3.741859059196864,2.291599360484877,2.268189392431793,2.73060652261475,2.5417233661795438,1.992689001782502,2.940411866618075,2.3748073458224046,2.754201320293288
S602,4.47413570039345,4.9329944190534745,3.735676459811746,4.803743707161429,3.1657762491620653,2.452415422835497,1.726086287007879,2.251182946656533,1.8516816539597036,2.047844086360509,2.697443239579693,1.3286072563279372,1.4021398215108003,2.101074080005442,1.3483989781467665,2.7926491498320116,3.3475520745129015,2.278737776603754,2.684773916841176,2.934760257625915,3.9317537207538087,4.73871792853624,5.0475431876817805,5.880602201216974,4.33156918779295
S613,14653.11452624212,19484.70672380924,20185.175266953433,18831.367727809968,18289.813435628508,22146.028363262303,19976.922277060683,20298.657760626735,20725.024042741945,20926.471091588857,14766.688319116038,23161.58370946308,22223.737947323232,29565.61196908527,23656.129962252144,23125.97781065737,22110.837952301743,25229.90584156114,17754.637739328402,18033.64088252246,22579.17274571164,21452.298320814545,20808.741507173756,24572.415942247473,20733.53091457298
S631,6.136801233828154,4.66436363108941,5.753242724139081,8.40586775642585,5.538513879312022,5.790163427951811,4.80587489024001,4.528996177740155,3.841046889675927,4.590076173022928,3.7391325615006386,1.77853141410228,3.0245002102233873,3.29704431713822,2.3443505903994266,3.218672770808229,3.14306626719257,3.039828841908549,2.92681563444479,3.6927098471587145,3.9019487133768864,2.812177556371153,3.7945428848862015,4.572368364740377,3.3720766967027975
S633,13623.444168931808,18329.29054474906,18666.698894059515,18231.569390719946,16634.146168830503,20446.164393993502,19525.59962598472,18894.571471954252,19871.681334170997,19924.927860845208,13682.223435286278,20705.06942961292,21225.197889613464,27032.645932473642,22288.42444074604,22036.171656533028,20872.688912864072,23125.349552991654,17655.42145714734,17155.649878961944,21344.205640553067,21101.15323696984,19416.47289872362,24178.792989072324,18795.943651817637
S831,5.464937172664406,4.709440530422633,4.388717892186062,5.311780637876167,3.521959003377931,3.7820093548049796,2.292902884834591,2.6113081016858315,2.2742643561817446,2.1062963667208185,3.167909607154485,2.2105579868673657,2.7576124530530626,4.2301202109831095,2.5124060376159334,2.8871958649349407,3.2242085695949916,2.8529508150119867,4.445146212738726,3.5923369336692454,4.502935449628022,3.7908027381188587,4.330951404873374,4.778761193022234,2.9637301280007917
S833,26086.563127062764,36704.34007999531,33594.4939504771,32042.776915491093,31975.116349689368,33266.82674240475,33297.786701196645,35532.957278484326,37264.57513089176,34671.79134913149,24431.770798387435,30527.231574136396,32011.18467403171,35610.31052283986,31499.826944513155,31164.250689998713,26595.01110741158,32733.200418536944,38731.27770232708,36658.87567180901,32520.0122541046,31751.783515784082,35195.92775789975,32406.315677809376,26961.400992275525
S839C,50346.498372269045,63121.90685466509,65306.2937023365,69729.11885625821,63546.252934655306,72605.86734346948,66106.80415635262,64832.49134321338,69332.43678506542,70819.77587189144,56202.93180511996,69279.19507813931,84620.79328256399,84947.21005812717,73847.87219793782,89032.67158241053,79223.16629597405,83566.69426264896,104652.71487480118,92581.91547516483,88698.1558605752,81394.37765249811,88202.30382222346,76537.86218971838,65317.66685936117
BA2007,2.57521491117253,1.9606366014043626,2.2908301918512177,2.083700227377925,2.4821113757468876,2.237794995140249,2.643435523096262,2.185304261998012,2.716973986809103,1.8518487479385934,1.9506043687446017,2.273866173484288,3.037131509250899,3.1398310003294383,2.0668244287081543,3.1117478504727774,4.175918338001042,3.6712735832351995,3.529609679623415,4.953622369899613,4.504275265037774,4.328077206296664,3.5243630122713774,3.173320375639396,2.8557847713556583
BA2051,465.553095422642,408.4498939813389,431.3315376709339,387.8436980211621,408.31804039776574,374.3964849362328,458.48341980951665,445.3162231835501,477.0510015835662,500.29415443272586,458.30974103358517,489.9114752145175,651.2231649934554,682.3455235242349,502.2620357736247,580.2656585341991,456.87417159576813,455.3503366897427,339.4959886287217,431.5345332472226,366.55395433283314,363.17348069296406,318.8109940067232,256.8501354525933,269.21037936680995
BA2052,3.3927426577541837,4.619477272579035,4.376868124453025,5.066107419297226,6.224803636576903,5.11331451457274,7.750450781425788,7.74808047272739,6.590437099354085,7.347928342675327,4.587651145924891,8.162923964054299,7.986638724290248,6.7545355637356845,5.094157859194701,6.309622190458398,9.562899765752231,8.195303698548985,8.014013965470692,5.654974668985577,4.1678561438438315,4.6843536683542455,2.9791803691629606,3.2413592538585743,1.7365891929869677
BA2053,466.2729372422707,421.0669550488282,428.6708942110852,385.92943482219465,411.55327368475787,377.3638677633456,464.0985904518797,449.5673837342504,471.1595664192704,502.6220897105098,457.7240055772633,492.96909244694785,651.1086480815617,684.7363240487498,503.61644518994206,586.8947360095665,469.46324945032217,453.3137364351218,349.0429327518726,427.58666168689706,367.6094888037325,362.52645146921975,325.5851320240867,258.12423602682827,271.1320880146326
BA2054,4.4680876758509775,3.091130472520588,3.0255174093746406,3.4269193173160724,3.7804989137959004,2.8155520947707884,4.937707532260627,4.107127315052202,4.43541345903881,3.0487994653364345,3.2685838063806023,3.088022503341781,4.075349633657709,3.8233395982620357,2.4343832640364202,4.405898281264098,4.820956326181481,4.554547492933221,3.719132867929913,6.527745485178163,4.9951941995741524,4.685319284810392,4.617885929552837,4.213523223325666,3.4669702257552033
BA2503,490.5370688413855,445.78007966342983,440.3338362948185,395.8365109460834,428.14429570847074,389.93491271067387,484.0699568786728,493.92022169622294,513.4519560487253,526.0154323846091,452.90966656946546,493.6678757492275,646.0517047072576,682.0139077734733,494.65961318471733,581.1975526864446,465.80197496231955,460.6182515724816,358.77610708478625,420.0310080336278,361.161420780032,365.54107116138715,321.76629825469223,253.89110868280326,258.46509602498253
BA2504,4.395495246608135,5.525136628105211,4.613809441401812,5.159196511023978,6.780177351229272,6.056013742494355,8.211798576318767,8.262558509292816,6.776622338302114,7.045882649815043,5.639054606469416,7.283406994694674,7.049051772467328,6.57696430003326,5.141737032057615,7.281781860920215,8.221651177039972,7.704277205068745,6.451379365561883,5.348364849067383,3.8696559955489875,3.99029750023278,3.480212305093285,3.2983966482584175,2.2212904436510703
BA2507,2.394156373991664,1.8199700557930951,2.2325336247258702,2.143401859118459,2.5135280297555305,2.2653003448925646,2.7369380664156333,2.215498222930553,2.6457689633867516,2.002456141031322,1.943548369287042,2.5724262049469155,3.264549202919676,3.5408765778985556,2.23716766965839,3.480252252719816,4.503630134828756,4.033719087083528,3.970904071539542,5.038198335609976,4.5185321390911115,4.142332150527723,3.5268679484411183,2.992078276268013,2.72001775291282
BA2551,467.73530247531636,415.5993056030843,433.01537669007837,388.37402376272456,408.07481353685137,378.09339570230475,460.4464782804351,446.9344574126889,477.50382163192285,503.2300314034058,455.7308782950967,491.24351716258803,657.3903701512461,689.3326236998188,508.95155072468856,584.8503300466551,467.79073214010185,456.60558885195616,347.35560397651045,433.08220032126206,366.4919700065068,357.65586369425483,316.9877100305546,252.92434976158202,265.94305700271235
BA2552,3.7266498108532615,5.862358224852192,4.281872584250175,4.832271634388471,7.371766564618738,6.453686870272441,9.084355703501178,9.472485705038112,7.7045434177500205,8.253540031654307,6.521643163121843,8.458628832288074,8.36121198161767,9.059784179684518,6.377169079236242,7.640730216898426,9.017072022524735,9.19740998412657,8.276056657656707,5.660878333221467,4.728176428944688,4.9989851753122725,3.687068940837772,3.662799585362305,2.436499295856396
BA2553,465.05628010013015,415.04149441298216,426.34258455840944,382.8790212831446,407.43038612970645,376.3990819516671,464.9273537219379,443.8266158024867,469.1516137384223,499.7990669754586,455.32155799671204,498.3482262053164,654.0487295083892,686.9025200925311,512.1149960816199,585.5559129493241,484.6877906884433,460.6399051035312,353.79658319815303,431.68453261349947,371.79510378568597,367.8458749629371,330.4522393625102,260.61850101069336,270.2426418092793
BA2554,4.246289491661384,3.31501306949577,3.165006601537578,3.5268476841266154,3.99164256821019,3.188642942389685,5.095803864994833,4.257207222689237,4.255077983724544,3.177399209920871,2.9686445288194,3.406858104966574,4.432870346406971,4.53682708633654,2.6699525551940866,4.7614661527334,5.339423943558668,5.241984322123898,4.476520843062084,6.750021098051377,5.139179080989621,4.655045301991296,4.502179369576949,3.912517490667567,3.264252043872675
BF2001,479.61506364771355,406.6151556819057,428.0687567597053,381.1797468609472,428.7361091718201,388.47096894670034,462.7763145487511,462.8315492153105,489.54268187487287,498.7149753803832,473.60844923923185,490.0835216036088,655.0662237253604,679.6941489892215,512.08927170217,577.5786253330807,445.5024807588064,478.4198072800956,386.37130619796204,471.59523858737487,385.38973508099195,388.0321505307986,328.2220922693285,241.32436321118368,250.1231048828046
BF2002,2.220426657054892,2.2307732448779034,2.561354515438578,1.6519776568964406,2.3664841221090636,2.4114113186782644,1.671882308788491,1.7810921164800324,2.07256172383413,2.5709083479943398,2.810811291901501,2.222012521191898,2.7085526563215154,3.579307041901354,2.0962357047816025,2.97129955713712,4.206058830290861,3.477966108773905,3.865382552241654,3.7637753149779307,4.367170829559785,4.052121704668428,2.7762870105824966,2.47446103343482,2.478238318984363
BF2003,4.444711988996354,4.643711362179541,4.961277129213763,5.286764485010766,6.346524367045416,5.196484176312331,7.671706791000104,7.527628416944022,6.437208561090634,6.91932475339621,4.893774539575537,7.498418348288796,7.095562219746186,4.752520061463048,4.230819503812622,6.737367693444113,8.228266246842496,6.923314454504835,5.92769842646045,4.846273499947321,3.390417775565091,3.8226962467612555,3.290352507214362,3.125683798939014,2.319151664087653
BF2501,482.223622396288,427.53284076970317,431.36963759260453,386.5610391439544,429.86161433338845,365.0041600517466,463.5260575357698,449.90958536408755,489.81824641562673,526.0849337618816,480.01697120151823,490.74050382574103,657.4863473253605,685.6065468542665,523.4749140639933,589.5377583132239,422.03399696876687,426.41245694563156,353.5072487506756,454.45084282745177,400.27874425252867,359.1950313776781,304.2883839253084,235.44089248319034,256.3431494990465
BF2502,2.203652611815329,1.699990132880474,2.1463778573987797,1.6423212268778784,2.2534158297581226,2.184994841000943,1.5814215383585624,1.6966111457080766,1.997136532798239,2.544830082270555,2.758450469810022,2.1139928491021744,2.6215944707314205,3.5386490899992618,2.0142894154508824,3.0142776467178307,4.161946383105116,3.350439944833488,3.879811591246832,3.5131197038106294,4.278361876912738,3.951143257837963,2.917176530095676,2.5282697297230756,2.489138787886867
BF2503,4.5103123434363015,5.597559493646427,4.733846617525025,5.231836844590174,6.853047375991952,5.942117628103222,8.109277041618494,8.159353149368542,6.630317377300483,6.9503522153768555,5.856156526158045,7.981967549039895,7.3556430822164645,6.35340174612997,5.4313257640358135,7.620849977865236,7.81429178835516,7.868279977228725,6.62860090909449,5.099815559849243,3.968793848403267,3.962932594329379,3.414716433273619,3.248371014400662,2.219522613626706
C105,0.3656050562046667,0.4690372077193002,0.39057012373786804,0.4232196313305583,0.46561232301892663,0.43179760450229754,0.40438198696809546,0.40478529589439166,0.4127195763450768,0.38071841932098643,0.4588829257519497,0.506414898572478,0.5114842657712321,0.534382250912184,0.49601437015604183,0.44484458274186117,0.46263090550496977,0.4451875894987095,0.5161260666616216,0.6337889670657526,0.5677772835426261,0.69703696293474,0.8227840357126589,0.6703573577695581,0.5565330772658315
C205,0.3071919074727747,0.47365625033864406,0.372018386679063,0.35866346352683637,0.3360506448408102,0.357373051734058,0.3667245482084126,0.34278044491861415,0.3218477802333973,1.3578723096462695,0.43874039433504664,0.5455151061356863,0.45828143102867475,0.3962255793228193,0.33785355465844996,0.3658689679601901,0.4310151482600346,0.41661507287643695,0.5130739161925365,0.478973676004263,0.5435210778010316,0.5349994884174232,0.5279788734354192,0.41544734900771413,0.35313560908661346
C305,0.38191120172470944,0.5439996559149902,0.5013616071830368,0.45314191620686356,0.3900529273107662,0.43774237111010356,0.4949272393623259,0.48669441917021544,0.4214607469680189,2.961324156698969,0.37717985344921384,0.5679199733894931,0.46236269701824,0.4929720784469609,0.47759492379399743,0.46856179957384564,0.49059881648692844,0.4600347212341294,0.4944362686462656,0.32589136583026224,0.4298594390438383,0.5450372507776196,0.5478233108881362,0.5393362840146979,0.4063528333596982
C411,0.4437796515865755,0.7055628358930589,0.6309520108471433,0.5153110063771811,0.5192190041998193,0.566103070272018,0.5907531376364942,0.6030238836016724,0.5439985961818808,0.5559285274420536,0.42288712101387554,0.6563526118702896,0.5396047020284404,0.7076815544947523,0.5227122946480491,0.5505882746992277,0.6135509841160266,0.6283293393773733,0.5363386056780572,0.39900505104588263,0.44600345401611613,0.5385639593057624,0.4431082196837745,0.5295017035375311,0.4604997625163364
CW119,0.014865097714790698,0.01847653037613741,0.014899975143781724,0.015397641032939776,0.014891304850915962,0.01264073145988499,0.012884284070927423,0.011423173790444267,0.014571089803367597,0.013817676851083548,0.023426701505107943,0.024260177012146136,0.017064147065480203,0.01996249046151215,0.01675237870508193,0.01808909957776293,0.012166525852605603,0.010472627176498326,0.014789195859673797,0.01589672305165695,0.014688627477366706,0.012661430982841058,0.016595287746937637,0.014556043801616543,0.010496313646664528
CW129,0.05124391671949339,0.027866827291677623,0.0261730229292993,0.03222323612519713,0.027141576136428387,0.0230602461184849,0.025691639821762854,0.02016174184611557,0.02620770822177633,0.029814762665149836,0.04950457720859533,0.050452596425113704,0.03675667187000387,0.05333638786579954,0.056365960013381525,0.041476007071451285,0.020067806297379292,0.023404311234666294,0.02776815097147046,0.03095401192952951,0.0274841295054431,0.021282827169931122,0.025957385168478814,0.026020198765008797,0.022321811517465526
D207,0.4013338264403665,0.5243099995974599,0.4657092566820664,0.41805626358685627,0.49479753648901575,0.5450843258751795,0.46114356343279284,0.42463543268897996,0.45180476438672784,0.6300323299322118,0.8679162781428796,1.0261940956659918,0.6983933346247716,0.679699465655878,0.5803675329387652,0.7807810243485415,0.4870420507216267,0.8488922885275444,1.0278846920110518,0.9883270049695957,0.9159845984737537,0.9137463781198879,0.8649419584082849,0.6530073601393968,0.5240439177368899
D607,0.4903029339651735,0.8806713732072683,0.714657870757662,0.623903953184264,0.623622705696197,0.7001758032066706,0.7016444005510288,0.7377589624656856,0.6231649661970793,0.5508273302245492,0.5256403570409605,0.8114356578117672,0.6764549402343208,0.6591990246708646,0.6121013662897272,0.6347127016716014,0.5835288482280588,0.6468377543654903,0.46511094727395746,0.3914319563024,0.49772050121169226,0.5488003977893022,0.48442850261267495,0.6167340572856271,0.5216637080132079
FW402,10054.586537040092,10101.012724278673,11740.475230254338,8316.728562915101,6933.991966589351,7870.0198235626385,7754.264462355382,8044.035659444949,6926.305860475826,7477.658638215183,5175.003519011892,6760.296110730865,6621.259098484379,8168.361962163379,6952.796430653647,6728.684837385464,8294.071109254126,8280.841287449695,5976.318177175763,5891.175285581018,5641.596480508926,7549.001547275047,6707.926805815827,7451.080732934207,6197.491034001596
FW606,0.4829877967117046,0.760457519058995,0.6251436566694709,0.6332471249960959,0.5806758649734588,0.5653961059661194,0.6584171801488693,0.5820463325935263,0.6163396026522716,0.5309317164071985,0.3550121615856075,0.6238944237016968,0.5966985699490449,0.6106126678688618,0.5090719606361885,0.5263139205120353,0.5700555660886154,0.5685067164860357,0.35849822241910817,0.3655642697249141,0.455339578789451,0.5303866894007979,0.5035729208040163,0.6459308571932262,0.5705305207353814
FW611,30121.002992260717,41035.524231574775,39966.39144384757,37833.47456974131,37336.743545070545,38937.937123035765,41247.54717935145,41605.16659189929,45102.210616859855,42740.427920731156,31006.031253248424,43146.69828456212,42241.64409609354,43636.65831505016,36643.89361070955,46292.36654634315,42065.01849501807,43519.78176445233,60990.702341450626,48546.19637947285,57218.37445981543,52644.01637190634,51994.21529431541,45485.377631648815,35898.597071884295
PERFTEST-D508,0.5573467919572499,1.0841278709185889,1.0404780648066068,0.8404728329324784,0.9615307543913716,1.0907669283775718,1.0859359468114302,1.0177876359370288,0.8085082294515451,0.6917551867109133,0.5958337651499561,0.8615492138422357,0.6136748918947004,0.8069011008321578,0.7503401123046476,0.6618869873797271,0.6490856224044437,0.7376407976045359,0.5647151311234924,0.5193986174004891,0.5453942142324976,0.5930873719662064,0.5551056406508383,0.6028063813122246,0.5258794688240002
PERFTEST-D608,0.8101488461999,1.0211578280761555,0.9379602078627893,0.9451196187222257,0.8679993788504605,0.9298282526005227,0.819555691345639,0.7592966004790025,0.5948844675642747,0.5248525816994497,0.38437585474782565,0.7440185733465217,0.6054825017817103,0.6569055850503395,0.541174742113225,0.56650290965866,0.5622233748886512,0.6341478435956002,0.46089656253079303,0.36501066374429314,0.43053665972632277,0.49346815995809906,0.4595558722063066,0.5567730454107944,0.43177401982179847
PERFTEST-FW503,0.5841243844917303,1.0705966668338152,1.0852278181311166,0.8602739709605953,1.0468873602964013,1.097110843590951,1.125214477661601,1.111095016607958,0.8872195286261421,0.7716878969724481,0.5254199689884883,0.8339238264921865,0.5867089600838633,0.8718115410784455,0.8022928832741832,0.6648234964998775,0.6032938901104511,0.7084235968945974,0.6214656814253146,0.5932998247742001,0.5743010154778799,0.5852597302724236,0.5134339677270873,0.5504483683324397,0.5063409798884788
PERFTEST-FW603,0.35147823412003637,0.6406269856038155,0.5801552600375803,0.49534186067417413,0.5010614505793833,0.5930754315116552,0.6098351003851835,0.568141668106817,0.48598070663870147,0.46010824909430553,0.3139041023594363,0.5896736950728392,0.49033903806764456,0.554857673330242,0.4593901469523086,0.453639884768261,0.4757272286251248,0.5451372360531089,0.34419045157008005,0.2898612125034451,0.34841444760946494,0.4084749436698338,0.36374062003633895,0.4256140143302838,0.40727437065904315
PERFTEST-FW608,0.45636117419936684,0.6888373728210679,0.6169729674215819,0.5696617703486846,0.5422559739762046,0.5545247922005981,0.6025437123053323,0.5244891308190586,0.518788756095216,0.5165096085977844,0.31761992677546347,0.5793534126047821,0.5456680962577134,0.6257867525837474,0.46012336399339254,0.4925046904086976,0.4657917510401289,0.538014125063291,0.29870258177735676,0.3352615151028703,0.41197288486937184,0.4525640322968259,0.40837667182648935,0.4968080580634453,0.4687519116841566
PERFTEST-S501,5042.127008593622,8413.929280113114,8450.352229545588,6668.756510027025,7200.830171924638,8950.67228278116,8657.930225664399,8872.996918364503,8527.431915296473,8003.475369567576,5880.736224016681,10041.307865287878,9131.435582912249,11257.550317422852,9688.789458316734,9513.525894064098,9764.37944210767,11303.793464688131,7423.353532798766,7069.001406047046,8011.736780084063,8965.19896301274,7792.109805649557,10100.846107389883,9117.92100332819
BG3502,475.31380903678354,419.20477354075376,439.26240134567513,392.48100875025744,416.45921615851694,377.4570930364091,457.8896300866585,451.29986889370235,481.1370907647279,507.81189768947104,461.7222674855687,495.68369089463096,660.3995320963694,700.06902046928,506.9611224176157,589.3523209146239,474.8492825065966,461.6129939293121,363.6404475680403,449.7991821100101,377.71422384253646,353.5685399040712,306.33815954353724,236.07406801159655,259.85850744529347
C51,7067.844534124176,10226.115113735115,11862.357522353006,8850.0807757395,7278.3771491628695,7217.40608268197,8450.88205438054,6949.407093765782,8520.160310133804,7176.436320193102,9084.94444689046,9867.451170457032,9900.131555124048,9083.480269684234,8558.639731958232,10468.706749656605,11409.565594528964,8702.971714818654,12413.994598125657,12913.581321933043,16902.683586183033,15172.72069106343,13492.29030468616,13440.35823174665,9307.046660356838
CW213A,1.5055525234554026,1.4804268280245076,1.353029470151152,1.326320182634728,1.9076102988145522,1.6524357711310211,1.651121225522491,1.452005367820351,1.514560787313247,1.1672919720049844,1.6766269264206837,1.2427582458344821,1.8705147791382168,1.1388382470153597,1.5484694877258907,1.200422550270677,1.1774958826270108,1.0978697027455309,1.7875859687563451,2.529757842305478,2.352787741539928,2.5979041819295245,2.864895822564219,2.2806107508665048,2.271476226032867
CW216A,1.6146026823234565,1.536915600760912,1.4150238273431828,1.4950406566339056,2.1262617418311023,1.7441698706108686,1.7463478532459402,1.5276661406082843,1.5572202973470697,1.2260148435113227,1.7399673630326655,1.35763639174955,1.921286192826571,1.2482159255925451,1.6038444750560568,1.2614708288856415,1.2724180952076594,1.2460168963579774,1.8313472578473502,2.6071973193464255,2.3674232616231436,2.7576123644715085,3.0636883675333966,2.4029038283159467,2.376392168769962
FW4537-VACA,240.85880548352966,207.49108428500588,215.7957848390121,192.97356194684102,293.8928027443697,268.27381628710447,299.5993519681873,269.6977231539585,292.0483733652744,220.76885224752195,348.80253949302676,334.044080231092,804.7548713234021,1037.1405408878015,326.41816426487526,885.5773971366064,945.996425674378,770.8988365661414,1026.2262920638432,991.3866451232782,915.4728013732071,835.8055480211476,772.1741539811967,718.0601627925,552.4475547617632
FW4537-VACB,245.29080224386004,216.20191862365766,188.99917346417712,188.15006694486462,288.82193517665,270.70132402213255,296.6155908804747,278.59341678363995,289.8899714190861,221.669920127447,340.7915875811895,301.95828144291585,802.0231559968415,991.7396708666922,337.7428460701889,918.2410553949394,941.8995326022965,770.8831159598398,1006.9442686042352,984.2903007578121,920.1932099732923,833.848677124786,758.5536013118239,708.6652876511681,585.650418384724
FW4537-VACC,249.9426109798726,218.09401751102712,218.9623435567878,191.33762472474604,301.18317110727065,269.6706635412948,299.08087115042673,275.03530488114234,288.2210088099598,219.01467271596368,346.8031783155785,337.5118160694208,800.3548806707794,1033.448372445443,322.9258946332384,878.8918740526777,953.8516767171154,759.2510933240918,1000.4059976481682,986.2305399393235,921.4318761964112,857.6464409901481,761.5742815833618,709.6240565730884,555.8114250157873
FW463,0.01093777906701721,0.018509866202741802,0.02974416532160568,0.06248156262969998,0.057788037584682546,0.034382294956947335,0.06572245137547825,0.14264575967504795,0.20413110639653367,0.23506621445960277,0.3184137773260898,0.3209414091683825,0.21971642684417686,0.1318288166665228,0.05079092967787971,0.17798153964915128,0.15205776981431088,0.11780834886377704,0.22055960487773407,0.4594222168905258,0.3656794165620716,0.04908986040560163,0.07161124929214802,0.12200515564838862,0.06642184486321692
FW464,13.262982565713303,12.017139659679952,11.275025010715439,8.887860128538124,11.06245573320988,11.86295940201233,13.257780972260468,12.062907475088888,3.965143183450728,3.282174762475542,3.845070532731444,2.092911341109502,3.283391516740127,4.837591610036049,7.29035853711697,9.288009547634891,9.38918655087452,9.616934612294687,9.061564378558364,8.116817210367753,11.033387093557417,11.356657727392896,10.657729297196061,11.546907928992395,7.6873674188768
FW711,2.1973003498639563,2.3505239181333497,2.165475043501827,3.1410615600713006,2.422456394117442,2.434051571739734,3.038000470229132,3.083319937477437,2.899132179503324,3.4761244809182132,2.8147400929735023,2.724294032473234,2.856864302152721,2.1962256907926334,1.6683297257480538,2.910893824751265,2.3932440238777617,1.7006601517759696,1.9142919937471703,3.490360556560339,2.4602718843715947,2.156111632020793,2.1175481811716876,2.3313687033778807,2.1753322682023573
FW712,2.6202478335199566,2.6307535846699093,2.4183609841280553,3.0629675859113066,2.2016912949689327,2.7708664895615183,4.372550136350765,4.554315535271668,2.993821272340779,3.405926525948656,3.0801300909657834,2.269727347273512,2.03591256813352,1.9840590618694707,1.6521851531906881,2.2261643893071343,1.663371664112252,1.3828323595079395,1.7316587579062137,2.2809500060181223,1.8488954473554402,1.8213320081507711,1.6141136254889044,1.7944373515775052,1.381266747663709
PERFTEST-S633,13593.424046922411,17971.186338010528,18558.81692424277,17693.597339736436,16776.824385467193,20685.338299664705,18931.098367156177,19060.10053501413,19441.18614452828,19731.01633310907,13719.231692222585,21254.171623061895,20931.68447954989,26616.30627342896,21712.33308476783,21393.392544577233,20635.267570420463,22877.747602236723,17961.795318363722,16478.6391843635,21333.855000917418,20740.27054718077,19599.07265627144,23426.21957650516,18988.316087959553
S614,4.561961095459088,4.370460582271318,3.3972201952368972,4.565003263797519,3.0337244981795837,3.1861520430463375,1.7915469314623234,1.8111087038698634,1.650257853615867,1.648008458917572,2.4939209732248453,1.242108238326561,1.3788315245870595,2.286613243286265,1.5127148612230041,1.8020594815176814,2.276433199473183,1.4282192217289187,2.454705765544695,2.435512804854292,3.1441628958574186,3.3132971444190535,3.609935601887248,4.059581349317186,3.0027344195446184
S634,5.947806794553278,4.711870118768924,5.467000137877606,8.217938349993588,5.450536555491738,5.827465341810611,4.794653605495817,4.509244824515719,3.5963941862962945,4.625889307627302,3.566316718947969,1.7488622502381777,2.7817003452865587,3.0849063888821404,2.115225257967625,3.069630784759794,3.1966021350193783,2.841620582910201,2.317771225479693,3.6421485826511812,3.4375482164119453,2.554770255516441,3.5590377428849833,4.094557972116081,3.2744763553394227
S801,29705.729696667368,40630.98040064279,39272.89221944131,36510.54982317687,37650.70285797055,38796.20201856438,39466.58874277547,41055.91593052089,43337.23416771752,41532.96335018589,30581.25218854203,39165.624780163154,39629.552154866404,40844.116295242646,35409.06674764434,43708.110471980675,39075.9683725973,40086.4259083407,56335.22479859323,46667.597921774955,48910.17737124761,46314.44636779098,46911.91491529223,43369.789540974474,32109.072225604737
S804,0.18831954446914714,0.2597685819632308,0.2536232085095726,0.23491078932357115,0.2272039556918193,0.2586764360411995,0.24729688000314595,0.25905627833457123,0.2709485234633433,0.26501403213851715,0.18696396194488446,0.2440582628478109,0.2547298101924874,0.26002557902557866,0.22013081069992657,0.274013250539321,0.23674887311669107,0.25178920034372315,0.34019854169963604,0.28987506678715924,0.312222758326865,0.2972032328715204,0.2874441974123683,0.2716094997196001,0.20538164169847223
S811,4.355475361013499,4.89745119661263,4.0507680468639995,5.379523116586803,4.192914598240485,3.8797165290184266,3.591696369179653,4.8167519854138705,4.882053954707312,4.796309491873132,4.7137134798974225,3.1247763534155237,4.992672386657382,5.3862442163360855,3.103111289349721,4.291811710509206,5.562892161578755,3.1266503754198083,3.665807007896019,5.401832818124512,3.5145104316575306,2.8115141099012764,3.09839711128496,3.4457659621467736,2.0241409149902903
S834,5.220892095737203,4.7479762709646485,4.02536966317224,5.114027923381744,3.3593895630652497,3.5028833725339417,2.0113815054516158,2.2403379324547075,1.9524463304717798,1.9584132740981948,2.9895389680748155,1.738849974155812,2.3384760805186176,3.6759846154977214,2.3062828726940663,2.732976233729267,3.1133974825157074,2.547210331420914,3.9423844205343577,3.3010636036230223,4.1246222519460805,3.716212822353414,4.055740690838076,4.661431993623159,3.0079778071785803
num_mills,0.21372359007418937,0.0,0.0,0.1524699777439344,0.17145979772029107,0.0,0.2650531353464094,0.2988361556971545,0.32155342230584855,0.25382297104267537,0.2943231893983707,0.0,0.0,0.0,0.0,0.0,0.0,0.0,0.0,0.0,0.0,0.0,0.0,0.0,0.0
BG3506,0.2992377758547098,0.3113137080269223,0.3326747204178829,0.34906140484477244,0.3703338793777085,0.45720309028012374,0.37132845952633486,0.49291430623049015,0.4751160111195854,0.44302701093103497,0.29064448586593866,0.18978998610151954,0.22191281122534162,0.18372950869044738,0.16738719226489335,0.1699349800849335,0.15840441134755268,0.2671903184616703,0.23405388099713925,0.2634132754618259,0.21570010582452578,0.19487209120998014,0.18659358605983697,0.23357687383812156,0.09881214757849821
CWCOND_MOL,3066.6768985331732,2410.2910429846947,2068.8518375077538,2511.843084073065,2087.471281287516,1828.150835612897,1943.7769320420211,1612.7687097006524,2121.8127626898704,2178.142535398237,3807.703610986701,4033.083167440424,2888.6096838606713,3856.63202846081,3925.852518098865,3118.5977874925147,1583.738245961146,1815.6613240502886,2300.735682117885,2499.1671046810425,2179.056361837159,1755.9392859422178,2299.220513729593,2140.5654718175174,1658.5185552839396
CWAUXCOND_MOL,176.1408954138572,154.523473873373,156.25781084314642,184.5443387872665,151.78274163252962,156.13757222271275,151.39922308374653,158.90632087157744,145.32825749800233,165.23038430653526,205.8944836303131,183.50688074699505,197.7245134687285,219.06409898875333,212.68748852376848,161.28896696525638,182.52373359233945,160.521436309317,128.93451801482976,192.17885845337204,189.00192801657022,171.19836917398808,159.77997998841326,174.4638343780048,184.5225927133502
PAPERFLOW_MOL,8.897083646964406,14.52534480243409,18.147731876355273,16.700333318259197,16.60797566274873,21.313310156550333,16.871456322366463,14.266881302216486,16.99413442794294,19.914571391116866,17.09731811790249,22.5281805250136,25.805741177695253,30.675423620482377,19.728333202574536,25.399211952045306,14.904903619629613,33.54871258934014,41.72171620665544,29.208409145210066,40.8938444802411,50.6666526057927,52.8702999247154,58.09168657272599,58.00335993977896
gross_mw,1.0452514753324917,1.4545967092022667,1.459500473072976,1.307377507328252,1.2910093462232883,1.5452562275549748,1.4536106433203264,1.5013246174136086,1.512953631815429,1.522548878744037,1.0011166439767114,1.3952205958898114,1.346579309294423,1.5999059191835003,1.3812625576793685,1.4018603203620397,1.274533562786037,1.5131101611340672,1.4654094380717324,1.3398778228386914,1.4708059813839727,1.3730372441444574,1.350486228424665,1.4520113827766272,1.0561760899237815
bin_number,0.0,0.0,0.0,0.0,0.0,0.0,0.0,0.0,0.0,0.0,0.0,0.0,0.0,0.0,0.0,0.0,0.0,0.0,0.0,0.0,0.0,0.0,0.0,0.0,0.0
bin_nominal_mw,0.0,0.0,0.0,0.0,0.0,0.0,0.0,0.0,0.0,0.0,0.0,0.0,0.0,0.0,0.0,0.0,0.0,0.0,0.0,0.0,0.0,0.0,0.0,0.0,0.0
